Date,ZoneID,AvgTemperature,Humidity,SpecialEvent,EnergyConsumption
2025-01-01,Z1,26.17,68.14,0,543.37
2025-01-01,Z2,25.81,70.59,0,607.86
2025-01-01,Z3,24.23,73.48,0,589.4
2025-01-01,Z4,23.32,58.61,0,602.83
2025-01-01,Z5,23.15,73.42,0,617.95
2025-01-02,Z1,21.06,70.79,0,542.05
2025-01-02,Z2,24.26,71.3,0,564.64
2025-01-02,Z3,27.24,69.22,0,603.63
2025-01-02,Z4,25.32,64.39,0,606.74
2025-01-02,Z5,26.12,62.55,0,655.93
2025-01-03,Z1,22.86,73.12,1,653.5
2025-01-03,Z2,27.28,62.67,0,551.92
2025-01-03,Z3,24.59,75.69,0,585.53
2025-01-03,Z4,25.79,72.13,0,648.29
2025-01-03,Z5,23.84,69.62,0,599.77
2025-01-04,Z1,27.89,66.22,0,567.34
2025-01-04,Z2,27.31,74.47,0,586.68
2025-01-04,Z3,25.54,74.33,0,628.86
2025-01-04,Z4,25.62,77.21,0,631.37
2025-01-04,Z5,25.57,62.34,0,650.06
2025-01-05,Z1,25.42,71.37,0,550.31
2025-01-05,Z2,27.35,66.59,0,583.42
2025-01-05,Z3,27.69,68.95,0,646.87
2025-01-05,Z4,26.21,67.24,0,637.63
2025-01-05,Z5,25.08,62.61,0,572.71
2025-01-06,Z1,26.72,66.3,0,560.59
2025-01-06,Z2,25.71,71.31,0,569.43
2025-01-06,Z3,28.84,66.07,0,589.38
2025-01-06,Z4,26.15,81.16,0,661.1
2025-01-06,Z5,25.51,66.61,0,628.9
2025-01-07,Z1,28.49,70.27,0,572.41
2025-01-07,Z2,28.97,73.06,0,645.72
2025-01-07,Z3,24.22,67.95,0,623.8
2025-01-07,Z4,27.95,67.1,0,630.48
2025-01-07,Z5,24.08,73.29,0,651.61
2025-01-08,Z1,26.05,67.01,0,544.71
2025-01-08,Z2,28.0,60.85,0,612.97
2025-01-08,Z3,31.45,61.93,0,631.34
2025-01-08,Z4,26.89,72.02,0,665.16
2025-01-08,Z5,24.64,73.45,0,668.35
2025-01-09,Z1,27.13,64.3,0,569.13
2025-01-09,Z2,24.11,76.14,0,611.65
2025-01-09,Z3,24.59,74.34,0,620.83
2025-01-09,Z4,29.08,68.04,0,667.53
2025-01-09,Z5,26.05,65.18,0,656.35
2025-01-10,Z1,26.23,74.81,0,590.26
2025-01-10,Z2,26.18,82.42,0,595.04
2025-01-10,Z3,28.67,66.54,0,619.68
2025-01-10,Z4,26.27,72.3,0,632.25
2025-01-10,Z5,28.19,64.54,0,670.18
2025-01-11,Z1,25.99,73.29,0,588.7
2025-01-11,Z2,27.07,71.08,0,633.96
2025-01-11,Z3,27.0,62.29,0,618.01
2025-01-11,Z4,29.01,61.19,0,662.14
2025-01-11,Z5,27.91,69.66,0,663.09
2025-01-12,Z1,28.79,73.39,0,597.29
2025-01-12,Z2,28.96,69.3,0,587.22
2025-01-12,Z3,24.05,71.78,0,578.83
2025-01-12,Z4,31.68,53.98,0,633.12
2025-01-12,Z5,27.21,63.32,0,637.64
2025-01-13,Z1,25.79,72.61,0,619.31
2025-01-13,Z2,30.91,70.91,1,745.65
2025-01-13,Z3,23.17,72.76,0,581.99
2025-01-13,Z4,23.88,67.26,0,638.79
2025-01-13,Z5,26.27,65.46,0,659.99
2025-01-14,Z1,29.92,66.97,0,626.32
2025-01-14,Z2,24.35,68.23,0,566.5
2025-01-14,Z3,31.13,63.77,0,617.94
2025-01-14,Z4,26.88,61.88,0,649.67
2025-01-14,Z5,30.03,64.32,0,659.6
2025-01-15,Z1,29.88,65.17,0,585.33
2025-01-15,Z2,27.68,70.56,0,605.05
2025-01-15,Z3,30.73,58.09,0,635.71
2025-01-15,Z4,27.7,69.5,1,738.4
2025-01-15,Z5,28.12,63.77,0,670.17
2025-01-16,Z1,26.79,65.1,0,557.41
2025-01-16,Z2,29.52,67.02,0,597.59
2025-01-16,Z3,29.47,68.29,0,618.15
2025-01-16,Z4,27.68,67.91,0,623.86
2025-01-16,Z5,30.04,72.72,0,677.0
2025-01-17,Z1,30.5,64.61,0,588.4
2025-01-17,Z2,29.59,64.05,1,692.58
2025-01-17,Z3,28.08,69.9,0,588.58
2025-01-17,Z4,26.99,74.03,0,620.06
2025-01-17,Z5,29.13,69.01,0,657.1
2025-01-18,Z1,28.03,56.52,0,592.7
2025-01-18,Z2,26.4,66.99,0,597.45
2025-01-18,Z3,30.76,62.07,0,634.33
2025-01-18,Z4,27.11,69.05,0,658.05
2025-01-18,Z5,27.09,64.58,0,673.13
2025-01-19,Z1,28.83,73.54,0,591.71
2025-01-19,Z2,28.2,63.38,0,591.43
2025-01-19,Z3,28.86,62.01,0,624.73
2025-01-19,Z4,28.39,59.38,0,609.0
2025-01-19,Z5,28.66,66.4,0,671.56
2025-01-20,Z1,28.48,77.89,0,611.79
2025-01-20,Z2,32.68,58.48,0,616.2
2025-01-20,Z3,30.33,57.41,0,633.12
2025-01-20,Z4,24.13,68.24,0,571.25
2025-01-20,Z5,29.1,68.76,0,689.73
2025-01-21,Z1,25.9,78.26,1,682.22
2025-01-21,Z2,27.97,68.51,0,578.84
2025-01-21,Z3,28.31,72.88,0,630.05
2025-01-21,Z4,28.43,67.87,1,749.2
2025-01-21,Z5,28.55,66.69,0,655.49
2025-01-22,Z1,25.5,62.66,0,560.02
2025-01-22,Z2,25.63,75.76,0,601.4
2025-01-22,Z3,32.79,62.78,0,678.93
2025-01-22,Z4,32.82,70.96,0,664.06
2025-01-22,Z5,28.16,74.29,0,691.4
2025-01-23,Z1,30.97,55.23,0,595.97
2025-01-23,Z2,28.58,67.42,0,560.08
2025-01-23,Z3,32.11,55.99,0,628.59
2025-01-23,Z4,30.45,63.14,1,716.59
2025-01-23,Z5,24.72,69.83,0,634.98
2025-01-24,Z1,28.86,60.63,0,581.93
2025-01-24,Z2,28.89,70.89,0,603.95
2025-01-24,Z3,28.06,62.86,0,599.05
2025-01-24,Z4,28.8,61.02,0,633.6
2025-01-24,Z5,24.45,70.04,0,636.52
2025-01-25,Z1,27.77,68.3,0,595.8
2025-01-25,Z2,27.93,63.39,0,601.81
2025-01-25,Z3,28.62,54.87,0,586.18
2025-01-25,Z4,24.79,74.47,0,607.48
2025-01-25,Z5,35.33,65.27,0,743.65
2025-01-26,Z1,24.41,66.53,0,530.29
2025-01-26,Z2,28.03,61.56,0,591.76
2025-01-26,Z3,31.15,69.13,0,660.52
2025-01-26,Z4,29.48,61.21,0,629.47
2025-01-26,Z5,32.49,60.57,0,667.7
2025-01-27,Z1,31.33,73.21,0,617.66
2025-01-27,Z2,29.74,63.46,0,600.04
2025-01-27,Z3,28.18,64.38,0,597.64
2025-01-27,Z4,28.39,54.09,1,729.02
2025-01-27,Z5,29.0,61.46,1,759.7
2025-01-28,Z1,30.18,61.2,0,573.2
2025-01-28,Z2,29.83,68.92,0,635.18
2025-01-28,Z3,28.11,64.07,0,592.99
2025-01-28,Z4,26.38,68.86,0,598.28
2025-01-28,Z5,31.23,58.07,0,671.35
2025-01-29,Z1,28.48,66.75,0,569.34
2025-01-29,Z2,31.31,69.22,0,644.34
2025-01-29,Z3,24.84,66.17,0,594.49
2025-01-29,Z4,29.97,67.47,0,686.28
2025-01-29,Z5,30.46,62.48,0,662.29
2025-01-30,Z1,29.3,68.42,0,611.93
2025-01-30,Z2,31.68,61.69,0,611.82
2025-01-30,Z3,32.54,59.08,0,593.87
2025-01-30,Z4,29.97,73.41,0,661.83
2025-01-30,Z5,31.58,67.88,0,690.34
2025-01-31,Z1,27.13,73.59,0,594.4
2025-01-31,Z2,32.58,67.25,0,636.79
2025-01-31,Z3,29.17,61.58,0,646.7
2025-01-31,Z4,30.89,62.37,0,668.45
2025-01-31,Z5,29.55,60.56,0,648.95
2025-02-01,Z1,29.13,70.69,0,613.88
2025-02-01,Z2,31.06,73.32,0,613.97
2025-02-01,Z3,29.21,66.64,0,643.67
2025-02-01,Z4,31.54,63.18,0,662.31
2025-02-01,Z5,35.52,58.46,0,702.04
2025-02-02,Z1,30.6,68.03,0,605.19
2025-02-02,Z2,31.26,64.99,0,597.29
2025-02-02,Z3,33.57,58.88,1,744.48
2025-02-02,Z4,31.94,75.75,0,697.52
2025-02-02,Z5,30.06,62.8,0,683.16
2025-02-03,Z1,25.88,67.97,0,575.56
2025-02-03,Z2,29.85,73.49,0,603.3
2025-02-03,Z3,30.23,64.74,0,604.91
2025-02-03,Z4,30.06,68.42,0,636.99
2025-02-03,Z5,31.56,59.45,1,768.06
2025-02-04,Z1,35.81,59.48,0,609.82
2025-02-04,Z2,32.02,62.41,0,624.05
2025-02-04,Z3,30.6,61.68,0,655.95
2025-02-04,Z4,25.35,59.26,0,576.49
2025-02-04,Z5,29.98,63.16,0,663.18
2025-02-05,Z1,31.86,67.3,0,582.98
2025-02-05,Z2,32.68,68.68,0,624.7
2025-02-05,Z3,29.35,66.14,0,624.49
2025-02-05,Z4,28.36,70.2,0,663.59
2025-02-05,Z5,28.93,67.25,0,670.96
2025-02-06,Z1,28.79,69.29,0,555.47
2025-02-06,Z2,34.48,54.32,0,608.12
2025-02-06,Z3,27.83,70.2,0,648.0
2025-02-06,Z4,26.61,59.63,1,701.21
2025-02-06,Z5,29.86,67.14,0,692.57
2025-02-07,Z1,31.02,62.3,0,619.7
2025-02-07,Z2,31.7,54.75,0,590.64
2025-02-07,Z3,30.25,58.31,0,620.62
2025-02-07,Z4,31.48,58.63,0,689.19
2025-02-07,Z5,32.52,60.13,0,690.97
2025-02-08,Z1,31.73,68.18,0,590.15
2025-02-08,Z2,32.24,61.97,0,638.0
2025-02-08,Z3,29.97,65.16,0,623.13
2025-02-08,Z4,31.62,56.21,0,656.98
2025-02-08,Z5,29.37,58.87,0,664.21
2025-02-09,Z1,27.85,77.56,1,691.81
2025-02-09,Z2,29.64,68.86,0,626.98
2025-02-09,Z3,28.32,66.66,0,606.67
2025-02-09,Z4,33.65,57.83,0,668.48
2025-02-09,Z5,30.68,74.19,0,692.91
2025-02-10,Z1,32.9,59.29,0,580.03
2025-02-10,Z2,33.35,52.84,0,635.33
2025-02-10,Z3,31.34,66.77,0,665.52
2025-02-10,Z4,31.73,67.36,0,680.89
2025-02-10,Z5,33.15,64.14,0,662.99
2025-02-11,Z1,31.5,67.59,0,609.87
2025-02-11,Z2,29.45,70.81,1,739.84
2025-02-11,Z3,31.46,61.22,0,651.81
2025-02-11,Z4,31.81,60.88,0,635.38
2025-02-11,Z5,34.17,59.52,0,695.12
2025-02-12,Z1,34.64,61.34,0,637.15
2025-02-12,Z2,32.31,55.94,0,622.08
2025-02-12,Z3,31.91,68.42,1,776.57
2025-02-12,Z4,30.38,62.07,0,597.47
2025-02-12,Z5,30.85,71.41,0,672.2
2025-02-13,Z1,33.46,60.04,0,591.65
2025-02-13,Z2,29.86,61.3,0,562.82
2025-02-13,Z3,29.46,60.19,1,729.68
2025-02-13,Z4,33.84,60.09,1,817.09
2025-02-13,Z5,30.54,70.29,0,717.35
2025-02-14,Z1,30.72,61.63,0,600.11
2025-02-14,Z2,30.75,61.77,1,706.17
2025-02-14,Z3,34.84,57.31,0,660.18
2025-02-14,Z4,31.24,60.23,0,636.32
2025-02-14,Z5,35.09,68.89,0,711.25
2025-02-15,Z1,33.28,64.43,0,636.81
2025-02-15,Z2,31.76,59.25,0,630.28
2025-02-15,Z3,30.22,60.58,0,622.72
2025-02-15,Z4,31.08,65.04,0,589.11
2025-02-15,Z5,30.38,70.65,0,691.18
2025-02-16,Z1,33.6,70.63,0,634.87
2025-02-16,Z2,32.85,66.82,0,644.85
2025-02-16,Z3,33.88,63.66,0,678.51
2025-02-16,Z4,35.3,56.45,0,684.92
2025-02-16,Z5,31.9,63.83,0,669.09
2025-02-17,Z1,33.34,63.75,0,622.26
2025-02-17,Z2,32.74,62.5,0,641.95
2025-02-17,Z3,29.65,72.82,0,647.15
2025-02-17,Z4,32.85,70.03,1,807.07
2025-02-17,Z5,29.47,66.41,0,676.75
2025-02-18,Z1,34.62,55.25,0,571.24
2025-02-18,Z2,34.4,58.2,0,634.15
2025-02-18,Z3,31.35,65.53,0,639.26
2025-02-18,Z4,28.4,70.26,0,669.32
2025-02-18,Z5,29.57,54.43,0,658.43
2025-02-19,Z1,34.56,66.05,0,654.78
2025-02-19,Z2,33.88,60.62,0,607.76
2025-02-19,Z3,35.9,63.59,0,670.27
2025-02-19,Z4,30.08,72.14,0,675.03
2025-02-19,Z5,32.53,63.82,0,683.25
2025-02-20,Z1,33.83,63.4,0,598.59
2025-02-20,Z2,33.34,67.91,0,652.36
2025-02-20,Z3,31.34,72.66,0,641.24
2025-02-20,Z4,32.67,54.38,0,661.37
2025-02-20,Z5,31.8,53.75,0,658.45
2025-02-21,Z1,31.43,75.93,0,613.37
2025-02-21,Z2,34.37,62.75,0,640.02
2025-02-21,Z3,31.66,62.02,1,729.27
2025-02-21,Z4,32.8,56.41,0,665.69
2025-02-21,Z5,36.37,54.25,0,700.19
2025-02-22,Z1,30.91,62.69,0,612.4
2025-02-22,Z2,34.16,58.38,0,621.1
2025-02-22,Z3,35.71,63.92,0,709.73
2025-02-22,Z4,33.63,63.34,0,689.31
2025-02-22,Z5,35.01,57.32,0,696.99
2025-02-23,Z1,34.91,59.1,0,643.85
2025-02-23,Z2,36.49,59.5,0,630.26
2025-02-23,Z3,31.96,66.14,0,670.5
2025-02-23,Z4,36.47,60.71,0,670.62
2025-02-23,Z5,34.14,58.35,0,694.06
2025-02-24,Z1,32.6,54.06,0,607.58
2025-02-24,Z2,34.86,50.82,0,602.49
2025-02-24,Z3,33.56,66.67,0,659.75
2025-02-24,Z4,36.68,50.16,0,662.28
2025-02-24,Z5,36.07,65.83,0,728.24
2025-02-25,Z1,31.84,64.78,0,598.47
2025-02-25,Z2,34.3,58.84,0,587.42
2025-02-25,Z3,33.69,55.54,0,646.94
2025-02-25,Z4,30.63,70.18,0,634.24
2025-02-25,Z5,32.67,51.85,0,670.15
2025-02-26,Z1,30.2,62.66,0,570.14
2025-02-26,Z2,34.35,64.88,0,669.04
2025-02-26,Z3,34.08,63.07,0,652.69
2025-02-26,Z4,34.07,59.29,0,660.14
2025-02-26,Z5,34.77,60.49,0,696.5
2025-02-27,Z1,31.34,62.71,0,605.09
2025-02-27,Z2,35.24,61.49,0,602.88
2025-02-27,Z3,39.28,51.36,0,685.05
2025-02-27,Z4,35.62,54.18,0,678.87
2025-02-27,Z5,32.1,68.26,0,690.08
2025-02-28,Z1,35.24,62.24,1,725.77
2025-02-28,Z2,37.5,62.31,0,670.81
2025-02-28,Z3,35.71,65.23,0,654.33
2025-02-28,Z4,36.76,54.38,0,688.78
2025-02-28,Z5,33.37,63.27,0,700.32
2025-03-01,Z1,36.46,61.36,0,641.5
2025-03-01,Z2,35.97,52.9,0,647.95
2025-03-01,Z3,34.86,66.59,0,666.82
2025-03-01,Z4,33.24,61.84,0,644.04
2025-03-01,Z5,30.3,60.27,0,694.0
2025-03-02,Z1,32.4,55.99,0,594.54
2025-03-02,Z2,32.27,68.17,0,665.22
2025-03-02,Z3,35.64,57.74,0,651.5
2025-03-02,Z4,33.63,55.58,0,629.58
2025-03-02,Z5,35.72,71.48,0,742.32
2025-03-03,Z1,34.91,58.83,1,724.77
2025-03-03,Z2,32.25,61.35,0,603.29
2025-03-03,Z3,31.79,68.06,0,638.1
2025-03-03,Z4,35.6,51.55,0,655.8
2025-03-03,Z5,30.59,63.74,0,668.98
2025-03-04,Z1,34.05,54.28,0,604.18
2025-03-04,Z2,31.97,70.02,0,634.27
2025-03-04,Z3,34.09,58.76,1,774.38
2025-03-04,Z4,34.61,58.97,0,682.84
2025-03-04,Z5,31.04,72.71,0,688.2
2025-03-05,Z1,35.42,63.31,0,615.99
2025-03-05,Z2,33.33,67.91,0,647.25
2025-03-05,Z3,32.36,73.76,0,641.61
2025-03-05,Z4,35.19,61.88,0,709.75
2025-03-05,Z5,37.17,50.15,0,702.99
2025-03-06,Z1,33.82,74.08,1,747.01
2025-03-06,Z2,32.45,55.37,0,572.09
2025-03-06,Z3,35.13,68.01,0,655.07
2025-03-06,Z4,32.57,59.49,0,655.63
2025-03-06,Z5,34.46,52.76,0,690.48
2025-03-07,Z1,38.31,50.83,0,603.44
2025-03-07,Z2,37.42,59.68,0,660.61
2025-03-07,Z3,32.71,57.34,0,648.93
2025-03-07,Z4,33.85,56.63,0,690.33
2025-03-07,Z5,31.64,60.69,0,646.36
2025-03-08,Z1,36.57,59.14,0,615.84
2025-03-08,Z2,34.59,57.77,0,639.51
2025-03-08,Z3,35.56,64.23,0,651.5
2025-03-08,Z4,32.36,59.12,1,752.35
2025-03-08,Z5,30.47,67.07,0,721.01
2025-03-09,Z1,31.95,67.23,0,610.67
2025-03-09,Z2,34.37,60.13,0,646.62
2025-03-09,Z3,35.41,57.06,0,652.66
2025-03-09,Z4,35.28,55.22,0,673.72
2025-03-09,Z5,34.55,59.32,0,699.0
2025-03-10,Z1,34.23,64.86,0,610.52
2025-03-10,Z2,35.33,47.04,0,618.03
2025-03-10,Z3,33.06,61.01,0,656.62
2025-03-10,Z4,34.38,51.6,0,645.35
2025-03-10,Z5,32.4,61.88,0,693.74
2025-03-11,Z1,31.77,58.39,0,599.32
2025-03-11,Z2,33.91,68.54,0,637.1
2025-03-11,Z3,33.52,59.65,0,633.29
2025-03-11,Z4,33.56,62.29,0,642.39
2025-03-11,Z5,36.16,61.33,0,757.75
2025-03-12,Z1,31.66,62.21,0,621.9
2025-03-12,Z2,33.77,65.63,0,656.62
2025-03-12,Z3,33.25,48.8,0,640.82
2025-03-12,Z4,32.81,62.74,0,645.55
2025-03-12,Z5,34.37,63.53,0,662.8
2025-03-13,Z1,38.58,50.46,0,628.73
2025-03-13,Z2,34.11,69.45,0,634.28
2025-03-13,Z3,29.9,66.52,1,736.41
2025-03-13,Z4,33.12,67.08,0,647.12
2025-03-13,Z5,33.64,60.92,0,709.4
2025-03-14,Z1,35.99,60.5,0,616.15
2025-03-14,Z2,34.85,54.2,0,628.42
2025-03-14,Z3,38.54,57.15,0,687.33
2025-03-14,Z4,33.6,57.39,0,689.56
2025-03-14,Z5,36.91,54.8,0,695.87
2025-03-15,Z1,33.69,62.72,0,600.81
2025-03-15,Z2,36.55,54.66,0,616.71
2025-03-15,Z3,33.56,62.85,0,635.64
2025-03-15,Z4,35.47,70.35,0,733.61
2025-03-15,Z5,38.16,60.57,0,738.29
2025-03-16,Z1,33.88,56.92,1,693.0
2025-03-16,Z2,32.05,54.26,0,565.96
2025-03-16,Z3,34.17,59.45,0,625.43
2025-03-16,Z4,36.44,60.08,0,696.98
2025-03-16,Z5,34.28,62.14,0,722.76
2025-03-17,Z1,34.38,65.07,0,639.84
2025-03-17,Z2,35.02,53.5,1,725.26
2025-03-17,Z3,34.49,64.58,0,676.6
2025-03-17,Z4,37.13,57.97,0,739.02
2025-03-17,Z5,36.81,48.7,0,693.43
2025-03-18,Z1,36.21,60.7,0,618.61
2025-03-18,Z2,35.66,58.09,0,641.04
2025-03-18,Z3,34.28,56.46,0,652.4
2025-03-18,Z4,31.9,66.7,0,697.53
2025-03-18,Z5,37.09,54.86,0,677.47
2025-03-19,Z1,32.53,60.2,0,584.22
2025-03-19,Z2,38.19,54.81,0,621.2
2025-03-19,Z3,37.66,65.75,0,677.73
2025-03-19,Z4,31.69,69.62,0,676.39
2025-03-19,Z5,33.07,73.0,0,704.64
2025-03-20,Z1,37.86,67.17,0,689.86
2025-03-20,Z2,36.69,55.18,0,660.46
2025-03-20,Z3,33.14,61.84,0,671.14
2025-03-20,Z4,33.48,66.26,0,694.0
2025-03-20,Z5,32.5,61.54,0,666.17
2025-03-21,Z1,34.54,62.86,0,594.75
2025-03-21,Z2,32.76,71.51,0,638.14
2025-03-21,Z3,35.34,65.4,0,667.41
2025-03-21,Z4,38.58,64.13,0,688.71
2025-03-21,Z5,32.46,59.9,0,694.94
2025-03-22,Z1,35.49,58.77,0,642.13
2025-03-22,Z2,34.45,58.7,0,641.08
2025-03-22,Z3,32.5,48.13,0,620.42
2025-03-22,Z4,34.09,46.56,0,642.6
2025-03-22,Z5,33.64,63.7,0,704.44
2025-03-23,Z1,33.73,63.04,0,618.32
2025-03-23,Z2,34.67,59.31,0,643.1
2025-03-23,Z3,34.43,56.37,0,629.73
2025-03-23,Z4,37.86,55.79,0,683.92
2025-03-23,Z5,34.85,60.66,0,677.47
2025-03-24,Z1,36.37,57.22,0,630.37
2025-03-24,Z2,35.07,63.44,0,649.4
2025-03-24,Z3,31.77,60.58,0,613.15
2025-03-24,Z4,36.03,52.3,1,821.16
2025-03-24,Z5,31.67,69.15,0,683.13
2025-03-25,Z1,33.84,64.33,0,610.37
2025-03-25,Z2,32.89,62.42,0,622.05
2025-03-25,Z3,35.23,61.67,0,701.39
2025-03-25,Z4,32.78,47.62,0,628.49
2025-03-25,Z5,38.94,64.91,0,720.66
2025-03-26,Z1,34.98,56.38,0,599.68
2025-03-26,Z2,34.82,57.03,0,644.71
2025-03-26,Z3,33.98,56.26,0,615.4
2025-03-26,Z4,35.13,58.07,0,687.42
2025-03-26,Z5,36.71,57.9,0,690.0
2025-03-27,Z1,34.95,65.24,0,640.18
2025-03-27,Z2,35.19,52.62,0,633.98
2025-03-27,Z3,37.7,63.24,0,698.79
2025-03-27,Z4,35.09,64.17,0,708.75
2025-03-27,Z5,36.27,62.9,1,807.41
2025-03-28,Z1,34.3,58.68,0,617.75
2025-03-28,Z2,36.5,57.51,0,623.71
2025-03-28,Z3,35.02,67.04,1,779.55
2025-03-28,Z4,34.88,65.86,0,719.43
2025-03-28,Z5,34.6,65.33,0,708.11
2025-03-29,Z1,34.45,69.51,0,639.11
2025-03-29,Z2,35.37,57.86,0,644.13
2025-03-29,Z3,35.59,68.45,0,688.65
2025-03-29,Z4,37.62,56.79,0,692.71
2025-03-29,Z5,30.5,62.0,0,687.9
2025-03-30,Z1,36.67,61.06,0,624.2
2025-03-30,Z2,34.17,57.52,0,587.81
2025-03-30,Z3,37.43,65.18,0,687.71
2025-03-30,Z4,37.44,57.75,0,697.75
2025-03-30,Z5,32.63,68.3,0,689.64
2025-03-31,Z1,36.05,56.41,0,636.74
2025-03-31,Z2,35.25,69.44,0,681.47
2025-03-31,Z3,32.36,66.25,0,664.77
2025-03-31,Z4,35.82,57.98,0,663.17
2025-03-31,Z5,35.3,51.18,0,639.2
2025-04-01,Z1,30.65,68.58,1,698.65
2025-04-01,Z2,33.11,60.78,0,634.9
2025-04-01,Z3,36.03,57.68,0,681.33
2025-04-01,Z4,33.95,64.35,0,672.54
2025-04-01,Z5,35.73,68.46,0,685.08
2025-04-02,Z1,34.41,52.56,0,615.96
2025-04-02,Z2,36.9,66.65,0,683.19
2025-04-02,Z3,33.7,61.72,1,743.69
2025-04-02,Z4,35.14,65.67,0,699.41
2025-04-02,Z5,37.33,59.0,0,729.45
2025-04-03,Z1,35.37,64.63,0,596.06
2025-04-03,Z2,33.62,68.75,0,639.42
2025-04-03,Z3,34.72,65.04,0,692.29
2025-04-03,Z4,38.49,51.43,0,706.48
2025-04-03,Z5,34.5,56.28,0,697.07
2025-04-04,Z1,35.28,67.12,0,648.67
2025-04-04,Z2,33.74,62.23,0,625.62
2025-04-04,Z3,30.57,63.33,0,589.88
2025-04-04,Z4,31.98,66.82,0,665.38
2025-04-04,Z5,35.0,65.42,0,699.31
2025-04-05,Z1,31.23,64.35,1,682.94
2025-04-05,Z2,34.59,55.98,0,634.05
2025-04-05,Z3,37.13,57.98,0,665.02
2025-04-05,Z4,33.67,54.44,0,621.1
2025-04-05,Z5,35.51,62.03,0,726.59
2025-04-06,Z1,33.88,61.84,0,602.44
2025-04-06,Z2,34.43,56.11,0,609.9
2025-04-06,Z3,34.35,68.25,0,661.51
2025-04-06,Z4,34.52,57.23,1,795.13
2025-04-06,Z5,37.28,63.6,0,690.77
2025-04-07,Z1,36.37,59.8,0,638.17
2025-04-07,Z2,36.22,59.07,0,633.03
2025-04-07,Z3,34.88,59.07,0,710.79
2025-04-07,Z4,33.98,51.22,0,668.94
2025-04-07,Z5,36.89,60.25,0,752.42
2025-04-08,Z1,33.44,56.84,0,579.32
2025-04-08,Z2,37.72,56.03,0,617.42
2025-04-08,Z3,33.55,52.28,0,656.35
2025-04-08,Z4,37.0,63.64,0,698.19
2025-04-08,Z5,32.5,57.67,0,666.77
2025-04-09,Z1,37.53,64.45,0,646.14
2025-04-09,Z2,33.48,67.07,0,618.34
2025-04-09,Z3,32.44,59.6,1,776.56
2025-04-09,Z4,33.99,60.78,0,650.53
2025-04-09,Z5,36.0,59.03,0,684.12
2025-04-10,Z1,34.16,51.82,1,689.84
2025-04-10,Z2,36.28,57.05,0,613.55
2025-04-10,Z3,31.91,65.73,0,606.0
2025-04-10,Z4,38.35,67.8,0,718.04
2025-04-10,Z5,37.34,52.34,0,685.95
2025-04-11,Z1,34.52,58.12,0,613.64
2025-04-11,Z2,35.85,63.96,0,618.2
2025-04-11,Z3,39.01,51.4,0,680.69
2025-04-11,Z4,36.66,68.15,0,732.1
2025-04-11,Z5,33.93,60.54,0,662.02
2025-04-12,Z1,35.31,61.02,0,659.91
2025-04-12,Z2,35.45,57.6,0,625.45
2025-04-12,Z3,36.58,57.8,1,744.76
2025-04-12,Z4,37.08,57.66,0,663.01
2025-04-12,Z5,33.14,65.06,0,680.76
2025-04-13,Z1,30.52,80.16,0,648.41
2025-04-13,Z2,34.12,62.95,1,768.72
2025-04-13,Z3,34.4,59.84,0,678.21
2025-04-13,Z4,34.39,59.94,0,695.04
2025-04-13,Z5,36.11,59.87,0,747.74
2025-04-14,Z1,34.28,65.48,0,647.21
2025-04-14,Z2,32.82,55.29,0,595.22
2025-04-14,Z3,33.39,58.93,0,662.13
2025-04-14,Z4,36.21,61.37,0,700.85
2025-04-14,Z5,33.57,64.91,0,722.05
2025-04-15,Z1,35.42,64.93,0,616.84
2025-04-15,Z2,34.67,52.13,0,588.98
2025-04-15,Z3,33.14,60.32,0,646.34
2025-04-15,Z4,35.94,56.75,0,676.61
2025-04-15,Z5,36.04,63.65,0,712.39
2025-04-16,Z1,33.26,56.75,0,584.31
2025-04-16,Z2,36.34,57.69,0,615.28
2025-04-16,Z3,34.41,60.98,0,657.74
2025-04-16,Z4,37.4,51.06,0,681.48
2025-04-16,Z5,36.69,69.25,0,706.19
2025-04-17,Z1,35.05,57.49,0,632.28
2025-04-17,Z2,35.75,60.43,0,674.28
2025-04-17,Z3,35.42,57.04,0,620.76
2025-04-17,Z4,34.58,62.1,0,661.87
2025-04-17,Z5,32.99,67.62,0,686.63
2025-04-18,Z1,34.62,65.16,0,606.6
2025-04-18,Z2,36.24,54.43,0,633.29
2025-04-18,Z3,33.03,65.61,0,645.72
2025-04-18,Z4,35.11,60.86,0,678.08
2025-04-18,Z5,36.1,58.57,0,745.57
2025-04-19,Z1,37.38,62.25,0,654.0
2025-04-19,Z2,32.9,63.05,0,630.71
2025-04-19,Z3,34.71,61.27,0,664.32
2025-04-19,Z4,33.97,58.84,0,672.22
2025-04-19,Z5,34.54,63.47,0,674.41
2025-04-20,Z1,34.06,53.91,0,572.01
2025-04-20,Z2,33.58,68.69,0,638.05
2025-04-20,Z3,35.45,57.7,0,701.06
2025-04-20,Z4,35.82,53.82,0,659.39
2025-04-20,Z5,33.65,67.73,0,720.83
2025-04-21,Z1,32.05,71.16,0,622.57
2025-04-21,Z2,34.13,56.48,0,597.75
2025-04-21,Z3,34.51,55.48,0,616.53
2025-04-21,Z4,32.16,61.75,0,608.0
2025-04-21,Z5,39.25,59.67,0,744.12
2025-04-22,Z1,34.29,70.8,0,640.22
2025-04-22,Z2,35.8,62.79,0,647.23
2025-04-22,Z3,34.75,65.15,0,653.48
2025-04-22,Z4,31.89,55.77,0,666.44
2025-04-22,Z5,31.67,66.69,0,700.24
2025-04-23,Z1,31.11,59.75,0,573.48
2025-04-23,Z2,32.71,70.64,0,640.84
2025-04-23,Z3,34.35,61.8,1,754.29
2025-04-23,Z4,33.01,58.68,0,649.47
2025-04-23,Z5,36.87,60.92,0,723.31
2025-04-24,Z1,33.5,55.01,0,629.6
2025-04-24,Z2,32.62,56.09,1,707.89
2025-04-24,Z3,30.57,66.08,0,649.13
2025-04-24,Z4,32.57,72.88,0,687.09
2025-04-24,Z5,35.41,59.61,0,669.98
2025-04-25,Z1,33.8,59.42,0,652.95
2025-04-25,Z2,30.39,61.79,0,605.02
2025-04-25,Z3,31.33,62.34,0,644.26
2025-04-25,Z4,34.92,60.32,0,686.62
2025-04-25,Z5,38.22,49.96,0,708.97
2025-04-26,Z1,34.19,63.55,1,709.0
2025-04-26,Z2,34.96,60.14,0,638.24
2025-04-26,Z3,31.62,58.57,0,646.72
2025-04-26,Z4,32.19,65.17,0,667.76
2025-04-26,Z5,37.23,60.86,0,715.42
2025-04-27,Z1,31.53,66.49,0,614.63
2025-04-27,Z2,35.46,58.77,0,623.77
2025-04-27,Z3,38.23,55.53,0,661.77
2025-04-27,Z4,30.9,57.38,0,609.9
2025-04-27,Z5,30.3,69.74,0,690.01
2025-04-28,Z1,30.8,71.09,0,583.69
2025-04-28,Z2,33.99,56.24,0,628.66
2025-04-28,Z3,33.58,53.72,0,675.74
2025-04-28,Z4,37.19,58.33,0,709.79
2025-04-28,Z5,33.38,68.68,0,696.27
2025-04-29,Z1,30.98,63.96,0,584.73
2025-04-29,Z2,31.83,61.34,0,626.18
2025-04-29,Z3,28.67,67.32,0,614.45
2025-04-29,Z4,35.8,64.39,0,709.96
2025-04-29,Z5,30.32,66.27,0,688.94
2025-04-30,Z1,28.68,62.66,0,554.32
2025-04-30,Z2,35.16,54.1,0,624.43
2025-04-30,Z3,36.07,53.62,0,631.82
2025-04-30,Z4,32.87,64.44,0,701.04
2025-04-30,Z5,30.36,61.65,0,670.75
2025-05-01,Z1,32.06,65.56,0,618.93
2025-05-01,Z2,33.93,53.13,0,633.54
2025-05-01,Z3,32.95,63.3,0,604.01
2025-05-01,Z4,34.03,66.38,0,704.92
2025-05-01,Z5,34.18,63.31,0,691.59
2025-05-02,Z1,34.98,57.34,0,625.35
2025-05-02,Z2,34.51,64.38,0,657.52
2025-05-02,Z3,33.81,49.24,0,627.43
2025-05-02,Z4,35.02,64.22,0,687.42
2025-05-02,Z5,34.54,64.33,0,684.96
2025-05-03,Z1,34.54,60.7,0,654.15
2025-05-03,Z2,33.62,60.19,0,634.74
2025-05-03,Z3,29.24,71.25,0,614.05
2025-05-03,Z4,31.52,65.36,0,679.08
2025-05-03,Z5,34.91,53.26,0,687.2
2025-05-04,Z1,32.17,57.81,0,570.98
2025-05-04,Z2,30.41,70.16,0,609.87
2025-05-04,Z3,33.15,58.33,0,660.5
2025-05-04,Z4,31.22,69.96,0,680.5
2025-05-04,Z5,33.15,68.79,0,725.68
2025-05-05,Z1,32.64,55.73,0,586.69
2025-05-05,Z2,32.3,60.16,1,685.38
2025-05-05,Z3,33.42,57.78,0,673.24
2025-05-05,Z4,32.13,59.65,0,690.4
2025-05-05,Z5,30.37,61.38,0,630.75
2025-05-06,Z1,33.01,66.73,1,691.81
2025-05-06,Z2,31.82,64.06,0,621.02
2025-05-06,Z3,33.63,62.35,0,637.53
2025-05-06,Z4,30.66,68.48,0,686.08
2025-05-06,Z5,35.29,51.83,0,704.52
2025-05-07,Z1,35.2,61.16,1,719.62
2025-05-07,Z2,33.72,69.6,0,663.45
2025-05-07,Z3,32.71,62.08,0,639.26
2025-05-07,Z4,29.92,64.53,0,658.36
2025-05-07,Z5,34.29,55.61,1,768.28
2025-05-08,Z1,32.78,63.8,0,613.66
2025-05-08,Z2,32.19,54.78,0,607.4
2025-05-08,Z3,32.89,69.95,0,688.84
2025-05-08,Z4,32.06,64.26,0,672.17
2025-05-08,Z5,34.2,57.31,0,670.81
2025-05-09,Z1,32.83,58.59,0,632.11
2025-05-09,Z2,34.96,62.08,0,652.87
2025-05-09,Z3,33.11,65.6,0,684.45
2025-05-09,Z4,34.32,61.45,0,711.73
2025-05-09,Z5,34.33,59.62,0,659.52
2025-05-10,Z1,33.43,65.63,0,613.27
2025-05-10,Z2,32.39,69.87,0,655.52
2025-05-10,Z3,30.82,56.1,0,578.07
2025-05-10,Z4,31.76,67.54,0,655.33
2025-05-10,Z5,32.86,66.1,0,694.79
2025-05-11,Z1,31.76,70.46,0,601.03
2025-05-11,Z2,31.76,65.95,0,605.23
2025-05-11,Z3,33.89,65.95,0,642.87
2025-05-11,Z4,30.51,64.98,0,620.89
2025-05-11,Z5,30.05,58.34,0,643.69
2025-05-12,Z1,34.65,54.62,0,579.18
2025-05-12,Z2,32.18,58.56,0,586.55
2025-05-12,Z3,32.67,64.42,0,667.12
2025-05-12,Z4,33.48,64.56,0,654.88
2025-05-12,Z5,33.36,56.7,0,690.96
2025-05-13,Z1,31.69,61.83,0,599.44
2025-05-13,Z2,36.02,57.58,0,651.78
2025-05-13,Z3,32.09,61.36,0,611.12
2025-05-13,Z4,33.73,60.54,0,659.04
2025-05-13,Z5,34.57,70.87,0,745.14
2025-05-14,Z1,27.75,72.68,0,608.47
2025-05-14,Z2,27.14,67.88,0,603.86
2025-05-14,Z3,36.85,59.41,0,655.28
2025-05-14,Z4,30.62,62.34,0,640.19
2025-05-14,Z5,29.84,64.5,0,671.27
2025-05-15,Z1,31.7,63.05,0,598.76
2025-05-15,Z2,30.77,74.38,0,654.05
2025-05-15,Z3,32.86,70.94,0,671.96
2025-05-15,Z4,32.97,51.6,0,643.24
2025-05-15,Z5,29.66,64.33,0,664.11
2025-05-16,Z1,34.22,59.85,0,599.53
2025-05-16,Z2,32.09,63.2,0,617.61
2025-05-16,Z3,34.06,63.42,0,660.2
2025-05-16,Z4,30.96,65.09,0,652.0
2025-05-16,Z5,34.87,54.74,0,674.66
2025-05-17,Z1,30.81,63.27,0,628.23
2025-05-17,Z2,31.49,69.96,0,651.19
2025-05-17,Z3,33.36,55.95,0,644.15
2025-05-17,Z4,35.08,66.9,0,702.75
2025-05-17,Z5,32.22,69.83,0,718.93
2025-05-18,Z1,34.99,56.41,0,623.28
2025-05-18,Z2,32.53,64.79,1,740.62
2025-05-18,Z3,34.82,64.1,0,672.95
2025-05-18,Z4,29.87,67.12,0,633.43
2025-05-18,Z5,33.8,58.05,0,666.33
2025-05-19,Z1,31.07,56.91,1,654.9
2025-05-19,Z2,31.87,64.24,0,613.85
2025-05-19,Z3,32.83,67.32,0,675.81
2025-05-19,Z4,29.61,65.88,0,647.59
2025-05-19,Z5,29.46,61.07,0,637.52
2025-05-20,Z1,33.08,54.29,0,605.6
2025-05-20,Z2,32.79,65.34,0,613.98
2025-05-20,Z3,34.55,58.15,0,651.37
2025-05-20,Z4,32.38,54.8,0,623.92
2025-05-20,Z5,34.01,64.34,1,794.92
2025-05-21,Z1,32.22,64.36,0,592.35
2025-05-21,Z2,31.8,69.0,0,616.2
2025-05-21,Z3,29.52,64.26,0,648.96
2025-05-21,Z4,30.36,55.58,0,646.83
2025-05-21,Z5,32.8,68.85,0,721.49
2025-05-22,Z1,35.46,64.37,0,639.04
2025-05-22,Z2,31.71,63.41,0,655.88
2025-05-22,Z3,30.44,57.79,0,608.01
2025-05-22,Z4,32.16,52.34,0,664.3
2025-05-22,Z5,32.52,65.94,0,723.98
2025-05-23,Z1,35.2,57.28,0,627.28
2025-05-23,Z2,30.97,64.04,0,590.28
2025-05-23,Z3,33.31,68.4,0,671.36
2025-05-23,Z4,29.24,59.73,0,640.87
2025-05-23,Z5,35.26,57.08,0,706.72
2025-05-24,Z1,33.81,65.42,0,631.35
2025-05-24,Z2,31.24,66.55,0,600.96
2025-05-24,Z3,30.53,56.2,1,727.4
2025-05-24,Z4,34.66,68.2,0,677.56
2025-05-24,Z5,30.85,68.8,0,689.67
2025-05-25,Z1,28.76,69.36,0,585.43
2025-05-25,Z2,31.44,59.08,0,629.6
2025-05-25,Z3,31.52,67.58,1,771.19
2025-05-25,Z4,30.78,63.31,0,643.14
2025-05-25,Z5,30.6,60.66,0,652.97
2025-05-26,Z1,29.47,56.88,0,564.89
2025-05-26,Z2,30.37,63.43,1,675.73
2025-05-26,Z3,29.95,61.98,0,644.62
2025-05-26,Z4,29.9,63.34,0,673.29
2025-05-26,Z5,28.6,64.5,0,664.45
2025-05-27,Z1,30.67,60.08,0,612.61
2025-05-27,Z2,31.3,64.88,0,598.92
2025-05-27,Z3,31.44,58.54,0,611.65
2025-05-27,Z4,30.69,54.88,0,627.4
2025-05-27,Z5,30.5,61.32,0,677.51
2025-05-28,Z1,33.88,66.77,0,638.2
2025-05-28,Z2,31.38,53.98,0,575.34
2025-05-28,Z3,29.6,73.92,0,643.11
2025-05-28,Z4,33.09,61.6,0,662.46
2025-05-28,Z5,32.7,59.66,0,641.68
2025-05-29,Z1,29.97,63.54,1,692.03
2025-05-29,Z2,27.94,65.3,0,647.83
2025-05-29,Z3,31.04,56.37,0,603.25
2025-05-29,Z4,31.26,57.29,0,650.44
2025-05-29,Z5,29.24,63.07,0,667.64
2025-05-30,Z1,29.93,65.41,0,599.13
2025-05-30,Z2,32.74,59.69,0,623.65
2025-05-30,Z3,28.62,68.39,0,635.09
2025-05-30,Z4,28.1,70.3,0,638.22
2025-05-30,Z5,31.39,65.1,0,688.78
2025-05-31,Z1,28.89,68.41,0,573.61
2025-05-31,Z2,29.64,69.51,0,615.57
2025-05-31,Z3,28.29,63.37,0,611.66
2025-05-31,Z4,31.94,71.01,0,673.44
2025-05-31,Z5,24.67,67.84,0,656.43
2025-06-01,Z1,29.28,62.72,0,557.5
2025-06-01,Z2,31.55,64.53,0,608.43
2025-06-01,Z3,30.02,65.27,0,620.42
2025-06-01,Z4,29.44,67.0,0,618.44
2025-06-01,Z5,29.41,66.84,0,651.08
2025-06-02,Z1,29.03,60.32,0,601.46
2025-06-02,Z2,28.63,67.99,0,596.12
2025-06-02,Z3,31.23,73.01,1,743.09
2025-06-02,Z4,29.53,73.14,0,665.28
2025-06-02,Z5,29.47,65.21,1,776.31
2025-06-03,Z1,30.1,68.37,0,568.33
2025-06-03,Z2,31.45,61.27,1,720.77
2025-06-03,Z3,30.78,59.41,1,705.42
2025-06-03,Z4,31.46,70.9,1,751.74
2025-06-03,Z5,27.15,67.3,0,635.84
2025-06-04,Z1,31.55,61.12,1,685.28
2025-06-04,Z2,27.25,62.27,1,688.51
2025-06-04,Z3,29.73,50.31,0,639.98
2025-06-04,Z4,28.81,70.31,0,667.45
2025-06-04,Z5,27.66,76.08,0,668.04
2025-06-05,Z1,30.59,58.88,0,600.99
2025-06-05,Z2,28.35,61.37,0,594.1
2025-06-05,Z3,32.83,61.86,0,609.34
2025-06-05,Z4,26.67,78.27,0,652.34
2025-06-05,Z5,27.39,66.23,0,665.86
2025-06-06,Z1,30.34,65.66,0,632.21
2025-06-06,Z2,30.87,63.05,0,630.24
2025-06-06,Z3,29.0,66.46,0,604.4
2025-06-06,Z4,29.06,66.69,0,632.23
2025-06-06,Z5,29.39,64.54,0,629.36
2025-06-07,Z1,30.26,64.41,0,599.9
2025-06-07,Z2,28.27,76.17,0,590.15
2025-06-07,Z3,30.4,55.27,0,634.32
2025-06-07,Z4,28.91,72.72,0,679.77
2025-06-07,Z5,28.06,61.55,0,634.82
2025-06-08,Z1,25.9,54.94,0,525.95
2025-06-08,Z2,26.33,71.09,0,602.08
2025-06-08,Z3,25.2,67.86,1,704.01
2025-06-08,Z4,32.85,62.02,0,656.56
2025-06-08,Z5,29.84,60.25,1,793.7
2025-06-09,Z1,29.78,64.55,0,573.17
2025-06-09,Z2,30.0,65.79,0,607.23
2025-06-09,Z3,27.52,56.56,0,616.12
2025-06-09,Z4,29.63,71.36,0,650.44
2025-06-09,Z5,28.2,61.45,0,612.77
2025-06-10,Z1,27.51,68.52,0,569.54
2025-06-10,Z2,27.92,61.08,0,579.66
2025-06-10,Z3,25.59,71.02,0,613.82
2025-06-10,Z4,28.11,73.75,0,680.92
2025-06-10,Z5,29.02,74.14,0,712.98
2025-06-11,Z1,27.45,66.06,0,577.2
2025-06-11,Z2,30.86,64.84,0,631.19
2025-06-11,Z3,28.03,70.24,0,615.26
2025-06-11,Z4,24.55,71.16,0,614.25
2025-06-11,Z5,28.28,74.25,0,660.94
2025-06-12,Z1,30.38,67.54,1,725.03
2025-06-12,Z2,27.35,68.02,0,588.08
2025-06-12,Z3,26.83,69.97,1,723.49
2025-06-12,Z4,25.99,65.43,0,598.22
2025-06-12,Z5,25.97,67.61,0,672.91
2025-06-13,Z1,27.18,63.62,0,560.17
2025-06-13,Z2,30.23,73.05,0,620.45
2025-06-13,Z3,27.12,64.91,0,604.64
2025-06-13,Z4,24.31,77.28,0,625.41
2025-06-13,Z5,28.19,63.42,0,672.48
2025-06-14,Z1,24.5,77.97,1,637.3
2025-06-14,Z2,28.65,61.25,1,710.39
2025-06-14,Z3,29.66,54.7,0,630.9
2025-06-14,Z4,27.43,64.62,0,641.77
2025-06-14,Z5,27.75,62.77,0,661.06
2025-06-15,Z1,26.25,68.69,0,554.25
2025-06-15,Z2,25.73,61.12,0,573.08
2025-06-15,Z3,25.43,72.61,0,622.95
2025-06-15,Z4,26.88,64.64,0,658.32
2025-06-15,Z5,26.07,76.77,0,644.92
2025-06-16,Z1,25.0,73.88,0,561.52
2025-06-16,Z2,28.86,63.8,0,569.89
2025-06-16,Z3,29.59,67.99,0,625.17
2025-06-16,Z4,30.0,67.41,0,640.91
2025-06-16,Z5,25.24,74.23,0,662.5
2025-06-17,Z1,29.7,70.56,0,603.21
2025-06-17,Z2,32.03,59.88,0,579.3
2025-06-17,Z3,25.9,74.82,0,621.05
2025-06-17,Z4,27.84,69.29,0,670.69
2025-06-17,Z5,28.06,70.26,0,650.52
2025-06-18,Z1,29.1,68.15,0,607.17
2025-06-18,Z2,30.68,72.44,0,648.66
2025-06-18,Z3,23.99,68.39,0,603.27
2025-06-18,Z4,25.23,72.86,0,601.23
2025-06-18,Z5,27.87,62.19,0,641.62
2025-06-19,Z1,22.91,71.05,0,556.01
2025-06-19,Z2,24.99,79.56,0,588.16
2025-06-19,Z3,25.39,70.7,0,606.1
2025-06-19,Z4,27.5,72.18,0,628.95
2025-06-19,Z5,27.14,68.85,0,638.82
2025-06-20,Z1,26.62,72.24,0,557.49
2025-06-20,Z2,29.04,75.47,1,728.15
2025-06-20,Z3,28.24,72.05,0,627.73
2025-06-20,Z4,27.47,70.79,0,618.6
2025-06-20,Z5,26.49,68.74,0,672.7
2025-06-21,Z1,24.31,60.84,0,550.31
2025-06-21,Z2,27.26,70.97,0,630.73
2025-06-21,Z3,25.48,67.63,0,604.66
2025-06-21,Z4,24.97,76.81,0,633.84
2025-06-21,Z5,26.2,71.85,0,708.58
2025-06-22,Z1,22.32,77.06,0,524.93
2025-06-22,Z2,25.44,68.15,0,567.42
2025-06-22,Z3,29.47,53.1,0,590.67
2025-06-22,Z4,28.66,62.25,0,601.11
2025-06-22,Z5,24.32,76.37,0,628.96
2025-06-23,Z1,27.11,76.55,0,604.05
2025-06-23,Z2,27.52,69.29,0,613.65
2025-06-23,Z3,29.34,63.37,0,586.66
2025-06-23,Z4,25.74,71.35,0,679.67
2025-06-23,Z5,25.17,65.56,0,634.21
2025-06-24,Z1,26.68,63.8,0,574.19
2025-06-24,Z2,23.75,81.11,0,591.8
2025-06-24,Z3,28.12,59.16,0,610.13
2025-06-24,Z4,28.86,62.13,0,662.46
2025-06-24,Z5,23.56,70.7,0,589.34
2025-06-25,Z1,27.73,65.39,0,569.55
2025-06-25,Z2,24.06,77.09,0,615.2
2025-06-25,Z3,24.96,58.76,1,653.62
2025-06-25,Z4,25.08,68.22,0,615.3
2025-06-25,Z5,26.79,67.3,0,639.06
2025-06-26,Z1,26.86,63.24,1,620.07
2025-06-26,Z2,24.57,65.79,0,563.37
2025-06-26,Z3,22.36,65.87,0,610.45
2025-06-26,Z4,24.39,71.48,1,728.26
2025-06-26,Z5,25.79,63.23,0,596.86
2025-06-27,Z1,28.75,62.08,0,566.96
2025-06-27,Z2,26.79,64.57,0,585.05
2025-06-27,Z3,24.41,75.57,0,611.53
2025-06-27,Z4,27.99,64.19,0,634.75
2025-06-27,Z5,24.19,69.79,0,649.18
2025-06-28,Z1,25.45,69.17,0,546.84
2025-06-28,Z2,25.95,75.07,0,604.05
2025-06-28,Z3,30.15,62.83,0,612.69
2025-06-28,Z4,27.4,70.4,0,623.72
2025-06-28,Z5,26.47,55.86,0,627.26
2025-06-29,Z1,26.38,75.52,1,680.38
2025-06-29,Z2,24.08,68.9,0,545.16
2025-06-29,Z3,28.49,67.17,1,710.46
2025-06-29,Z4,22.84,69.49,0,608.26
2025-06-29,Z5,27.85,72.86,0,657.31
2025-06-30,Z1,26.15,74.36,0,547.46
2025-06-30,Z2,28.75,66.51,0,614.56
2025-06-30,Z3,26.41,62.21,0,623.68
2025-06-30,Z4,26.37,60.91,0,615.4
2025-06-30,Z5,25.04,65.94,0,621.82
2025-07-01,Z1,23.99,68.32,0,545.84
2025-07-01,Z2,19.23,86.04,0,561.94
2025-07-01,Z3,25.46,65.9,0,595.7
2025-07-01,Z4,28.48,76.01,0,670.78
2025-07-01,Z5,25.22,80.29,0,674.31
2025-07-02,Z1,24.0,69.9,0,519.09
2025-07-02,Z2,25.15,71.44,0,586.73
2025-07-02,Z3,26.87,57.6,0,567.89
2025-07-02,Z4,28.45,53.34,0,607.85
2025-07-02,Z5,22.89,69.53,0,624.41
2025-07-03,Z1,25.76,64.66,0,578.07
2025-07-03,Z2,24.09,69.84,0,584.81
2025-07-03,Z3,26.82,61.16,1,749.79
2025-07-03,Z4,24.38,68.84,0,622.74
2025-07-03,Z5,24.05,68.47,0,641.22
2025-07-04,Z1,25.22,69.48,0,548.74
2025-07-04,Z2,26.73,65.5,0,616.8
2025-07-04,Z3,25.44,71.94,0,610.58
2025-07-04,Z4,23.84,69.91,0,589.12
2025-07-04,Z5,25.58,56.96,1,726.49
2025-07-05,Z1,22.74,67.25,0,530.76
2025-07-05,Z2,23.23,65.9,0,505.13
2025-07-05,Z3,23.36,77.36,0,566.91
2025-07-05,Z4,24.19,64.61,0,574.82
2025-07-05,Z5,25.08,75.95,0,640.02
2025-07-06,Z1,25.98,63.63,0,568.27
2025-07-06,Z2,25.88,67.81,0,631.5
2025-07-06,Z3,23.16,64.0,0,536.35
2025-07-06,Z4,24.47,70.53,0,612.22
2025-07-06,Z5,25.51,70.11,0,626.45
2025-07-07,Z1,23.93,75.33,0,604.52
2025-07-07,Z2,25.97,69.29,0,605.07
2025-07-07,Z3,24.42,76.84,0,616.91
2025-07-07,Z4,24.7,71.27,0,608.67
2025-07-07,Z5,22.47,69.38,0,603.57
2025-07-08,Z1,28.13,73.52,0,577.61
2025-07-08,Z2,24.28,63.27,0,562.69
2025-07-08,Z3,26.36,66.66,0,630.95
2025-07-08,Z4,26.25,68.21,0,646.41
2025-07-08,Z5,26.4,74.33,1,772.87
2025-07-09,Z1,22.98,70.63,0,554.16
2025-07-09,Z2,27.81,67.19,0,612.72
2025-07-09,Z3,25.28,65.68,0,559.78
2025-07-09,Z4,23.78,71.78,1,733.88
2025-07-09,Z5,22.31,76.49,1,752.56
2025-07-10,Z1,21.57,72.01,0,547.2
2025-07-10,Z2,26.79,68.32,0,561.73
2025-07-10,Z3,27.34,62.92,0,594.52
2025-07-10,Z4,20.71,70.13,0,573.14
2025-07-10,Z5,23.07,75.65,0,605.7
2025-07-11,Z1,21.06,73.83,0,521.54
2025-07-11,Z2,21.75,67.68,0,541.81
2025-07-11,Z3,24.81,67.37,0,601.65
2025-07-11,Z4,23.67,73.15,0,660.08
2025-07-11,Z5,23.39,66.38,0,620.46
2025-07-12,Z1,23.95,72.61,0,554.24
2025-07-12,Z2,23.88,77.13,0,600.84
2025-07-12,Z3,22.92,73.78,0,598.93
2025-07-12,Z4,21.76,77.47,0,632.03
2025-07-12,Z5,23.07,72.29,0,625.09
2025-07-13,Z1,26.65,66.6,0,587.37
2025-07-13,Z2,23.39,77.76,0,584.46
2025-07-13,Z3,26.65,64.05,0,647.17
2025-07-13,Z4,24.1,75.1,0,632.46
2025-07-13,Z5,24.91,65.2,0,657.8
2025-07-14,Z1,21.72,74.94,0,545.11
2025-07-14,Z2,23.24,64.83,0,571.45
2025-07-14,Z3,22.58,73.95,0,568.13
2025-07-14,Z4,22.26,72.86,1,698.51
2025-07-14,Z5,19.99,68.43,0,542.35
2025-07-15,Z1,24.58,70.49,0,578.6
2025-07-15,Z2,22.33,72.13,0,531.87
2025-07-15,Z3,26.19,75.81,0,613.49
2025-07-15,Z4,23.69,76.66,0,589.73
2025-07-15,Z5,22.13,73.3,0,656.62
2025-07-16,Z1,24.12,70.27,0,525.29
2025-07-16,Z2,21.71,75.68,0,578.65
2025-07-16,Z3,23.17,72.67,0,591.4
2025-07-16,Z4,20.45,68.39,0,550.55
2025-07-16,Z5,21.36,75.29,0,619.31
2025-07-17,Z1,21.46,70.67,0,554.86
2025-07-17,Z2,22.57,82.64,0,581.59
2025-07-17,Z3,25.37,69.58,1,708.06
2025-07-17,Z4,20.74,78.38,0,608.42
2025-07-17,Z5,21.24,66.66,0,592.87
2025-07-18,Z1,24.2,68.31,0,528.96
2025-07-18,Z2,20.62,75.56,0,529.55
2025-07-18,Z3,18.54,70.32,0,548.61
2025-07-18,Z4,24.03,67.36,1,700.72
2025-07-18,Z5,21.9,71.47,0,599.7
2025-07-19,Z1,21.05,72.03,0,538.21
2025-07-19,Z2,22.39,79.12,0,573.34
2025-07-19,Z3,22.47,80.38,1,701.91
2025-07-19,Z4,21.7,74.36,0,585.3
2025-07-19,Z5,19.11,80.56,0,569.31
2025-07-20,Z1,20.08,77.48,0,564.55
2025-07-20,Z2,21.9,77.05,0,595.32
2025-07-20,Z3,20.16,75.33,0,561.84
2025-07-20,Z4,21.68,72.65,0,606.98
2025-07-20,Z5,21.07,68.01,1,712.67
2025-07-21,Z1,20.61,80.97,0,535.48
2025-07-21,Z2,19.35,78.08,0,556.58
2025-07-21,Z3,23.43,65.32,0,555.92
2025-07-21,Z4,19.77,73.25,0,575.76
2025-07-21,Z5,24.07,69.54,0,624.89
2025-07-22,Z1,23.5,64.64,0,517.59
2025-07-22,Z2,24.35,68.21,0,581.92
2025-07-22,Z3,20.49,76.97,0,571.35
2025-07-22,Z4,23.15,66.3,0,620.72
2025-07-22,Z5,18.75,79.2,0,597.7
2025-07-23,Z1,20.85,68.84,0,523.61
2025-07-23,Z2,22.02,81.25,0,609.57
2025-07-23,Z3,26.21,66.44,1,693.98
2025-07-23,Z4,19.19,68.43,0,577.98
2025-07-23,Z5,21.11,76.98,0,653.04
2025-07-24,Z1,18.16,75.86,0,514.12
2025-07-24,Z2,22.8,73.69,0,567.72
2025-07-24,Z3,16.83,77.36,1,679.63
2025-07-24,Z4,22.02,70.28,0,618.04
2025-07-24,Z5,20.44,79.57,0,625.83
2025-07-25,Z1,22.21,76.72,0,563.52
2025-07-25,Z2,19.95,74.4,0,537.32
2025-07-25,Z3,24.94,66.35,0,618.08
2025-07-25,Z4,22.24,69.08,0,582.96
2025-07-25,Z5,19.2,75.21,0,637.35
2025-07-26,Z1,20.73,77.01,0,541.07
2025-07-26,Z2,22.81,67.13,0,573.65
2025-07-26,Z3,20.38,72.94,0,583.98
2025-07-26,Z4,18.53,77.38,0,607.3
2025-07-26,Z5,22.25,80.39,0,601.57
2025-07-27,Z1,22.48,69.66,0,543.09
2025-07-27,Z2,20.05,71.09,0,509.67
2025-07-27,Z3,23.76,77.06,0,602.47
2025-07-27,Z4,21.83,75.32,0,581.07
2025-07-27,Z5,20.25,76.33,0,651.39
2025-07-28,Z1,19.43,72.51,0,533.09
2025-07-28,Z2,16.84,80.21,0,552.76
2025-07-28,Z3,20.69,78.15,0,574.51
2025-07-28,Z4,19.19,88.24,0,635.01
2025-07-28,Z5,19.8,69.69,0,599.32
2025-07-29,Z1,20.69,67.94,0,528.98
2025-07-29,Z2,23.17,80.04,0,544.24
2025-07-29,Z3,21.15,66.79,0,564.6
2025-07-29,Z4,24.29,66.84,0,616.85
2025-07-29,Z5,17.04,80.72,1,693.83
2025-07-30,Z1,16.16,78.98,0,506.64
2025-07-30,Z2,19.2,78.79,0,546.5
2025-07-30,Z3,23.58,73.23,0,642.87
2025-07-30,Z4,21.04,73.46,0,563.34
2025-07-30,Z5,19.31,78.85,0,643.71
2025-07-31,Z1,20.19,75.4,0,518.87
2025-07-31,Z2,19.98,72.13,0,533.67
2025-07-31,Z3,16.98,77.72,0,540.2
2025-07-31,Z4,16.43,82.48,0,570.91
2025-07-31,Z5,18.51,77.58,1,696.67
2025-08-01,Z1,23.18,75.83,0,542.56
2025-08-01,Z2,24.28,78.82,0,589.66
2025-08-01,Z3,21.02,72.87,0,591.39
2025-08-01,Z4,19.93,79.71,0,642.91
2025-08-01,Z5,21.85,71.07,0,598.15
2025-08-02,Z1,19.91,81.94,0,510.49
2025-08-02,Z2,20.76,75.21,0,560.92
2025-08-02,Z3,17.82,74.67,0,580.43
2025-08-02,Z4,21.34,75.06,0,592.9
2025-08-02,Z5,18.3,80.51,0,630.01
2025-08-03,Z1,20.84,70.64,0,539.24
2025-08-03,Z2,17.04,77.49,0,526.42
2025-08-03,Z3,18.92,74.56,0,552.29
2025-08-03,Z4,22.64,70.55,0,603.17
2025-08-03,Z5,22.32,71.56,0,623.24
2025-08-04,Z1,17.83,76.14,0,530.12
2025-08-04,Z2,17.35,84.75,1,630.08
2025-08-04,Z3,17.11,82.98,1,678.24
2025-08-04,Z4,20.74,71.31,0,585.3
2025-08-04,Z5,18.3,71.8,1,668.2
2025-08-05,Z1,22.11,77.32,1,675.74
2025-08-05,Z2,18.42,81.86,0,547.32
2025-08-05,Z3,21.7,69.42,0,550.72
2025-08-05,Z4,23.64,67.16,0,618.42
2025-08-05,Z5,18.92,66.63,0,561.45
2025-08-06,Z1,15.9,79.7,0,493.88
2025-08-06,Z2,19.88,69.64,0,572.26
2025-08-06,Z3,17.9,77.78,0,506.35
2025-08-06,Z4,21.4,79.96,0,614.22
2025-08-06,Z5,19.18,76.16,1,651.47
2025-08-07,Z1,20.36,82.83,0,545.93
2025-08-07,Z2,21.33,61.88,1,624.12
2025-08-07,Z3,18.09,78.13,0,545.67
2025-08-07,Z4,19.05,64.95,0,588.72
2025-08-07,Z5,20.18,72.44,0,569.04
2025-08-08,Z1,19.21,81.52,0,534.75
2025-08-08,Z2,18.39,75.38,0,534.81
2025-08-08,Z3,22.0,70.01,0,566.27
2025-08-08,Z4,18.63,78.82,1,660.13
2025-08-08,Z5,18.86,75.64,0,621.69
2025-08-09,Z1,19.4,73.05,0,519.37
2025-08-09,Z2,16.63,71.82,0,555.39
2025-08-09,Z3,19.64,76.68,0,536.31
2025-08-09,Z4,24.12,75.34,0,618.56
2025-08-09,Z5,21.04,66.13,1,700.81
2025-08-10,Z1,19.83,66.46,1,604.16
2025-08-10,Z2,19.2,70.35,0,520.78
2025-08-10,Z3,15.57,75.46,0,538.46
2025-08-10,Z4,19.7,61.03,0,548.04
2025-08-10,Z5,18.2,76.01,0,606.18
2025-08-11,Z1,18.67,79.12,0,520.82
2025-08-11,Z2,15.29,85.17,1,650.75
2025-08-11,Z3,19.23,66.75,0,523.81
2025-08-11,Z4,17.91,89.65,0,601.76
2025-08-11,Z5,22.32,74.78,0,653.83
2025-08-12,Z1,17.23,75.79,0,486.79
2025-08-12,Z2,21.32,71.94,0,561.55
2025-08-12,Z3,21.18,79.19,0,576.88
2025-08-12,Z4,18.5,68.79,0,507.47
2025-08-12,Z5,19.63,75.73,0,617.94
2025-08-13,Z1,18.74,70.8,0,544.15
2025-08-13,Z2,19.56,71.65,0,535.05
2025-08-13,Z3,20.31,73.25,0,554.01
2025-08-13,Z4,15.83,69.74,0,534.16
2025-08-13,Z5,16.08,83.57,0,564.29
2025-08-14,Z1,15.75,78.76,0,463.65
2025-08-14,Z2,17.0,73.17,1,595.89
2025-08-14,Z3,13.94,82.5,0,537.48
2025-08-14,Z4,20.51,79.35,0,608.04
2025-08-14,Z5,16.97,78.75,0,580.13
2025-08-15,Z1,19.08,73.76,0,517.42
2025-08-15,Z2,20.48,72.31,1,641.62
2025-08-15,Z3,20.48,66.88,0,549.97
2025-08-15,Z4,16.71,74.57,0,549.19
2025-08-15,Z5,16.12,82.4,0,599.62
2025-08-16,Z1,17.81,71.5,0,487.63
2025-08-16,Z2,18.93,77.98,0,575.33
2025-08-16,Z3,15.85,77.16,0,537.78
2025-08-16,Z4,17.9,76.56,0,597.29
2025-08-16,Z5,19.46,80.22,0,604.38
2025-08-17,Z1,21.22,71.77,0,554.99
2025-08-17,Z2,21.03,76.08,0,591.55
2025-08-17,Z3,13.7,79.72,0,532.41
2025-08-17,Z4,19.73,76.89,0,637.21
2025-08-17,Z5,17.73,69.36,0,580.9
2025-08-18,Z1,15.02,74.22,0,471.66
2025-08-18,Z2,18.51,80.07,0,561.22
2025-08-18,Z3,18.87,74.08,0,564.8
2025-08-18,Z4,18.26,82.72,0,625.87
2025-08-18,Z5,12.72,82.76,0,560.81
2025-08-19,Z1,14.1,78.17,0,497.23
2025-08-19,Z2,16.04,76.45,0,530.03
2025-08-19,Z3,12.84,90.0,0,560.53
2025-08-19,Z4,18.31,78.82,0,606.28
2025-08-19,Z5,16.37,76.61,0,595.71
2025-08-20,Z1,17.17,83.44,0,531.66
2025-08-20,Z2,18.12,74.21,0,505.46
2025-08-20,Z3,19.92,76.69,0,569.42
2025-08-20,Z4,19.63,80.08,0,623.84
2025-08-20,Z5,20.12,76.65,1,696.78
2025-08-21,Z1,17.11,82.12,0,542.77
2025-08-21,Z2,16.45,76.69,0,561.93
2025-08-21,Z3,15.24,67.27,1,588.69
2025-08-21,Z4,19.44,71.82,1,680.06
2025-08-21,Z5,16.66,67.25,0,590.27
2025-08-22,Z1,19.78,70.26,0,537.19
2025-08-22,Z2,17.95,72.83,0,549.3
2025-08-22,Z3,17.78,76.59,0,574.77
2025-08-22,Z4,17.7,74.49,0,561.29
2025-08-22,Z5,14.23,82.33,0,546.89
2025-08-23,Z1,18.25,80.15,0,522.04
2025-08-23,Z2,19.5,78.48,0,512.5
2025-08-23,Z3,18.1,84.38,0,563.76
2025-08-23,Z4,16.17,79.45,0,555.76
2025-08-23,Z5,19.68,76.76,0,632.85
2025-08-24,Z1,13.62,85.11,0,527.17
2025-08-24,Z2,18.72,82.09,0,536.59
2025-08-24,Z3,16.35,80.56,0,535.85
2025-08-24,Z4,17.25,79.68,0,614.74
2025-08-24,Z5,19.52,79.01,0,633.8
2025-08-25,Z1,16.01,82.77,0,517.63
2025-08-25,Z2,16.77,78.62,0,522.2
2025-08-25,Z3,15.24,82.52,0,564.28
2025-08-25,Z4,16.91,75.78,0,559.39
2025-08-25,Z5,18.7,76.31,0,577.47
2025-08-26,Z1,18.19,79.17,0,506.17
2025-08-26,Z2,15.22,85.16,0,536.7
2025-08-26,Z3,16.75,73.1,0,519.29
2025-08-26,Z4,13.67,83.4,1,666.08
2025-08-26,Z5,16.25,80.22,1,675.55
2025-08-27,Z1,18.05,76.6,0,499.06
2025-08-27,Z2,15.56,76.58,0,512.07
2025-08-27,Z3,16.38,74.06,0,516.28
2025-08-27,Z4,17.82,83.91,0,565.16
2025-08-27,Z5,19.1,81.62,0,635.48
2025-08-28,Z1,16.42,84.67,1,625.79
2025-08-28,Z2,17.64,72.97,0,505.25
2025-08-28,Z3,18.23,75.86,0,560.32
2025-08-28,Z4,16.2,82.63,0,540.43
2025-08-28,Z5,12.77,87.57,1,661.87
2025-08-29,Z1,17.29,80.63,0,517.02
2025-08-29,Z2,16.07,80.09,0,543.18
2025-08-29,Z3,18.29,71.88,0,579.09
2025-08-29,Z4,13.7,82.7,0,548.86
2025-08-29,Z5,14.41,89.19,0,588.75
2025-08-30,Z1,17.33,74.24,0,490.22
2025-08-30,Z2,19.36,75.71,0,536.18
2025-08-30,Z3,14.76,78.82,0,525.73
2025-08-30,Z4,14.96,78.93,0,558.09
2025-08-30,Z5,16.67,72.4,1,672.15
2025-08-31,Z1,15.24,83.92,0,524.24
2025-08-31,Z2,16.64,84.5,0,541.9
2025-08-31,Z3,18.41,81.18,0,596.94
2025-08-31,Z4,13.61,80.4,0,537.48
2025-08-31,Z5,16.35,79.44,0,617.19
2025-09-01,Z1,15.65,83.98,0,517.75
2025-09-01,Z2,19.55,82.01,0,545.77
2025-09-01,Z3,14.94,75.68,0,553.87
2025-09-01,Z4,19.17,73.27,0,556.45
2025-09-01,Z5,20.83,72.97,0,612.76
2025-09-02,Z1,15.29,88.34,0,532.45
2025-09-02,Z2,15.05,73.17,0,515.06
2025-09-02,Z3,18.39,78.73,0,576.61
2025-09-02,Z4,15.41,76.6,0,595.45
2025-09-02,Z5,17.25,71.65,0,581.13
2025-09-03,Z1,16.48,90.0,1,619.94
2025-09-03,Z2,15.67,86.28,0,533.23
2025-09-03,Z3,21.4,72.8,0,549.28
2025-09-03,Z4,15.62,82.51,1,714.31
2025-09-03,Z5,17.23,72.39,0,585.14
2025-09-04,Z1,16.53,74.45,0,487.35
2025-09-04,Z2,17.42,75.97,1,608.1
2025-09-04,Z3,14.76,88.57,0,530.51
2025-09-04,Z4,17.96,72.43,1,672.56
2025-09-04,Z5,17.0,72.72,0,600.09
2025-09-05,Z1,17.43,82.73,0,556.19
2025-09-05,Z2,15.5,76.61,0,535.21
2025-09-05,Z3,18.23,73.4,0,537.74
2025-09-05,Z4,13.08,79.51,0,518.22
2025-09-05,Z5,13.47,80.06,0,573.31
2025-09-06,Z1,16.91,84.45,0,494.29
2025-09-06,Z2,17.81,83.61,0,537.22
2025-09-06,Z3,17.05,77.31,0,549.16
2025-09-06,Z4,19.01,78.44,0,599.89
2025-09-06,Z5,16.71,80.07,0,596.38
2025-09-07,Z1,13.47,90.0,0,527.31
2025-09-07,Z2,17.27,78.29,0,494.08
2025-09-07,Z3,20.05,71.0,0,562.36
2025-09-07,Z4,19.01,76.09,0,592.39
2025-09-07,Z5,13.9,81.77,0,572.38
2025-09-08,Z1,14.18,80.99,0,510.76
2025-09-08,Z2,14.51,64.99,0,488.63
2025-09-08,Z3,16.03,73.53,0,532.04
2025-09-08,Z4,14.1,83.82,0,553.07
2025-09-08,Z5,14.69,81.79,0,604.76
2025-09-09,Z1,14.51,83.79,0,478.39
2025-09-09,Z2,17.04,79.88,0,541.29
2025-09-09,Z3,17.74,76.26,0,533.85
2025-09-09,Z4,17.75,81.23,0,611.69
2025-09-09,Z5,15.75,79.37,1,699.45
2025-09-10,Z1,10.99,87.92,0,418.27
2025-09-10,Z2,14.0,87.05,0,525.38
2025-09-10,Z3,12.25,77.86,0,483.61
2025-09-10,Z4,16.47,78.2,0,597.24
2025-09-10,Z5,15.1,77.9,1,658.91
2025-09-11,Z1,14.53,71.01,0,470.55
2025-09-11,Z2,16.54,68.71,0,494.76
2025-09-11,Z3,11.48,83.02,0,525.45
2025-09-11,Z4,15.05,71.97,0,557.57
2025-09-11,Z5,13.71,81.0,0,564.97
2025-09-12,Z1,17.03,68.4,0,485.93
2025-09-12,Z2,16.35,76.95,0,542.0
2025-09-12,Z3,16.77,76.83,0,547.26
2025-09-12,Z4,12.86,85.54,0,549.98
2025-09-12,Z5,17.36,72.38,0,576.11
2025-09-13,Z1,15.75,79.5,0,534.82
2025-09-13,Z2,14.53,76.68,0,514.53
2025-09-13,Z3,18.67,75.34,1,642.37
2025-09-13,Z4,17.8,79.86,0,565.84
2025-09-13,Z5,14.89,81.59,0,590.15
2025-09-14,Z1,10.16,90.0,0,483.51
2025-09-14,Z2,16.65,75.17,0,524.65
2025-09-14,Z3,17.15,82.59,0,556.89
2025-09-14,Z4,15.95,73.82,0,538.66
2025-09-14,Z5,15.26,71.32,0,554.03
2025-09-15,Z1,15.67,79.56,0,529.59
2025-09-15,Z2,12.88,83.29,0,526.96
2025-09-15,Z3,12.0,81.43,1,614.08
2025-09-15,Z4,14.0,85.84,0,572.6
2025-09-15,Z5,13.77,87.26,1,696.85
2025-09-16,Z1,13.62,83.76,0,487.95
2025-09-16,Z2,16.32,79.68,0,521.48
2025-09-16,Z3,15.78,82.4,0,530.75
2025-09-16,Z4,11.95,83.03,0,528.48
2025-09-16,Z5,11.94,77.46,0,541.82
2025-09-17,Z1,16.03,72.08,0,463.43
2025-09-17,Z2,16.57,83.07,0,522.45
2025-09-17,Z3,14.73,75.79,1,635.49
2025-09-17,Z4,14.24,87.38,0,570.96
2025-09-17,Z5,16.99,75.9,0,565.12
2025-09-18,Z1,17.94,83.52,0,532.54
2025-09-18,Z2,13.44,85.88,0,535.5
2025-09-18,Z3,16.13,76.36,0,540.3
2025-09-18,Z4,13.52,78.96,0,525.98
2025-09-18,Z5,17.43,66.61,0,592.08
2025-09-19,Z1,16.15,77.02,0,497.7
2025-09-19,Z2,15.21,85.94,1,627.75
2025-09-19,Z3,14.02,74.02,1,645.83
2025-09-19,Z4,15.37,75.99,0,529.75
2025-09-19,Z5,16.78,83.34,0,592.84
2025-09-20,Z1,15.65,85.61,0,498.1
2025-09-20,Z2,16.51,83.78,0,543.61
2025-09-20,Z3,15.07,82.45,0,555.9
2025-09-20,Z4,14.91,84.09,0,559.65
2025-09-20,Z5,13.86,79.96,0,591.48
2025-09-21,Z1,13.76,77.6,0,428.72
2025-09-21,Z2,13.12,71.45,0,496.66
2025-09-21,Z3,10.65,81.8,0,531.61
2025-09-21,Z4,12.74,86.69,0,558.24
2025-09-21,Z5,15.7,88.59,0,622.21
2025-09-22,Z1,15.5,90.0,0,510.61
2025-09-22,Z2,14.66,75.95,0,461.12
2025-09-22,Z3,16.54,90.0,0,558.15
2025-09-22,Z4,16.16,77.98,0,538.01
2025-09-22,Z5,16.58,72.05,0,570.5
2025-09-23,Z1,17.54,76.59,1,607.0
2025-09-23,Z2,18.29,80.38,0,535.94
2025-09-23,Z3,15.13,83.8,1,651.26
2025-09-23,Z4,10.88,90.0,1,637.55
2025-09-23,Z5,15.47,71.56,0,562.66
2025-09-24,Z1,19.62,69.21,0,515.66
2025-09-24,Z2,12.54,84.91,0,529.94
2025-09-24,Z3,16.53,81.16,1,659.21
2025-09-24,Z4,16.87,75.78,0,567.13
2025-09-24,Z5,19.44,72.13,0,582.28
2025-09-25,Z1,16.97,73.82,0,506.08
2025-09-25,Z2,16.71,83.65,1,640.65
2025-09-25,Z3,11.45,80.23,0,473.91
2025-09-25,Z4,16.51,80.25,0,566.04
2025-09-25,Z5,16.53,79.12,1,650.76
2025-09-26,Z1,14.76,78.12,0,468.89
2025-09-26,Z2,14.16,71.33,1,570.91
2025-09-26,Z3,15.1,87.94,1,642.8
2025-09-26,Z4,14.92,77.89,0,522.66
2025-09-26,Z5,16.25,70.97,0,602.83
2025-09-27,Z1,15.19,88.52,0,559.66
2025-09-27,Z2,15.19,74.46,0,512.17
2025-09-27,Z3,14.17,83.29,0,540.78
2025-09-27,Z4,15.19,76.24,0,566.54
2025-09-27,Z5,14.47,82.79,0,557.14
2025-09-28,Z1,14.78,78.49,0,501.49
2025-09-28,Z2,15.27,83.76,0,517.68
2025-09-28,Z3,13.48,81.86,1,645.67
2025-09-28,Z4,17.39,80.02,1,700.41
2025-09-28,Z5,15.81,80.2,0,588.39
2025-09-29,Z1,12.95,83.28,0,470.29
2025-09-29,Z2,14.92,73.05,1,580.83
2025-09-29,Z3,11.21,87.54,0,555.72
2025-09-29,Z4,12.24,80.58,1,632.6
2025-09-29,Z5,13.13,78.62,0,574.49
2025-09-30,Z1,14.45,80.48,0,508.35
2025-09-30,Z2,16.33,76.98,0,527.4
2025-09-30,Z3,15.79,81.48,0,560.91
2025-09-30,Z4,14.1,78.68,0,538.99
2025-09-30,Z5,13.85,83.83,0,569.98
2025-10-01,Z1,17.12,78.84,1,638.58
2025-10-01,Z2,14.75,79.19,0,514.35
2025-10-01,Z3,16.98,71.91,0,548.05
2025-10-01,Z4,13.26,81.68,0,526.11
2025-10-01,Z5,15.02,70.33,0,547.32
2025-10-02,Z1,14.82,80.26,0,481.44
2025-10-02,Z2,17.81,72.23,0,515.87
2025-10-02,Z3,14.17,75.85,0,483.88
2025-10-02,Z4,17.18,85.58,0,548.74
2025-10-02,Z5,15.44,77.33,1,662.43
2025-10-03,Z1,12.22,87.74,1,596.81
2025-10-03,Z2,14.27,81.8,0,501.72
2025-10-03,Z3,10.1,83.76,0,537.08
2025-10-03,Z4,17.07,76.25,0,557.31
2025-10-03,Z5,14.31,82.01,0,575.39
2025-10-04,Z1,19.78,79.36,0,539.05
2025-10-04,Z2,17.79,80.83,0,545.22
2025-10-04,Z3,15.74,81.79,0,532.57
2025-10-04,Z4,16.3,78.85,0,521.52
2025-10-04,Z5,14.57,75.79,0,594.52
2025-10-05,Z1,15.37,81.85,0,497.16
2025-10-05,Z2,18.64,78.89,0,554.88
2025-10-05,Z3,13.29,90.0,0,554.14
2025-10-05,Z4,15.39,83.8,0,602.33
2025-10-05,Z5,14.41,80.46,0,605.3
2025-10-06,Z1,13.84,73.36,0,483.66
2025-10-06,Z2,16.36,76.63,0,540.48
2025-10-06,Z3,14.11,73.48,0,503.5
2025-10-06,Z4,14.24,83.82,0,527.04
2025-10-06,Z5,17.55,73.56,0,572.18
2025-10-07,Z1,17.4,74.31,0,517.04
2025-10-07,Z2,17.24,75.02,0,535.19
2025-10-07,Z3,16.99,79.81,0,523.35
2025-10-07,Z4,12.66,85.84,0,575.2
2025-10-07,Z5,12.87,85.18,0,531.74
2025-10-08,Z1,13.8,84.5,0,504.9
2025-10-08,Z2,17.79,81.32,0,569.47
2025-10-08,Z3,13.87,85.68,0,528.57
2025-10-08,Z4,17.86,75.21,0,535.97
2025-10-08,Z5,15.24,83.56,0,604.3
2025-10-09,Z1,13.14,83.28,0,496.83
2025-10-09,Z2,14.84,75.9,0,530.02
2025-10-09,Z3,13.61,90.0,0,520.13
2025-10-09,Z4,13.79,79.91,1,646.52
2025-10-09,Z5,17.84,72.23,0,578.19
2025-10-10,Z1,17.29,78.76,0,483.68
2025-10-10,Z2,13.73,72.19,0,504.98
2025-10-10,Z3,15.64,85.33,1,635.66
2025-10-10,Z4,13.17,80.34,0,540.06
2025-10-10,Z5,14.43,84.42,0,591.03
2025-10-11,Z1,16.99,76.76,0,485.31
2025-10-11,Z2,14.5,88.88,1,630.55
2025-10-11,Z3,14.18,83.92,0,469.65
2025-10-11,Z4,16.38,80.49,1,680.21
2025-10-11,Z5,15.87,85.51,0,601.9
2025-10-12,Z1,11.92,78.55,0,459.92
2025-10-12,Z2,14.6,76.95,0,511.55
2025-10-12,Z3,14.81,72.71,0,536.72
2025-10-12,Z4,16.8,69.01,0,536.09
2025-10-12,Z5,12.99,81.67,0,564.15
2025-10-13,Z1,18.93,78.3,1,628.41
2025-10-13,Z2,16.44,75.78,0,536.26
2025-10-13,Z3,13.08,85.36,0,532.29
2025-10-13,Z4,16.91,78.21,1,663.67
2025-10-13,Z5,13.16,76.45,1,665.73
2025-10-14,Z1,12.6,71.51,0,485.65
2025-10-14,Z2,12.31,84.98,0,503.39
2025-10-14,Z3,11.47,85.08,0,528.07
2025-10-14,Z4,12.75,82.27,0,558.4
2025-10-14,Z5,12.2,88.56,0,548.0
2025-10-15,Z1,14.73,83.2,0,490.77
2025-10-15,Z2,13.88,84.34,0,533.4
2025-10-15,Z3,15.19,74.91,0,523.44
2025-10-15,Z4,17.15,77.39,1,668.58
2025-10-15,Z5,10.49,77.23,0,529.92
2025-10-16,Z1,15.56,77.72,0,508.26
2025-10-16,Z2,16.06,65.92,1,589.82
2025-10-16,Z3,14.14,77.7,0,520.2
2025-10-16,Z4,13.09,82.99,0,566.02
2025-10-16,Z5,15.98,71.98,0,569.79
2025-10-17,Z1,14.42,87.27,0,530.08
2025-10-17,Z2,14.13,79.48,0,472.43
2025-10-17,Z3,14.85,80.09,0,570.73
2025-10-17,Z4,15.98,80.27,0,570.07
2025-10-17,Z5,14.21,78.12,0,577.67
2025-10-18,Z1,15.1,88.09,0,529.35
2025-10-18,Z2,11.18,89.74,1,629.62
2025-10-18,Z3,10.67,88.06,1,593.99
2025-10-18,Z4,17.37,84.66,0,564.13
2025-10-18,Z5,16.3,72.32,0,599.2
2025-10-19,Z1,11.0,90.0,0,479.85
2025-10-19,Z2,15.82,72.27,1,617.01
2025-10-19,Z3,16.07,75.78,0,504.94
2025-10-19,Z4,15.04,79.26,1,694.78
2025-10-19,Z5,17.21,76.53,0,604.16
2025-10-20,Z1,16.55,81.58,0,527.87
2025-10-20,Z2,11.03,80.62,0,473.9
2025-10-20,Z3,13.83,78.11,0,519.21
2025-10-20,Z4,16.63,77.27,0,554.68
2025-10-20,Z5,18.18,77.88,1,710.38
2025-10-21,Z1,18.2,73.91,1,613.28
2025-10-21,Z2,13.49,79.74,0,520.35
2025-10-21,Z3,12.35,75.98,0,553.43
2025-10-21,Z4,14.87,71.77,0,565.04
2025-10-21,Z5,16.9,86.3,0,584.17
2025-10-22,Z1,15.32,82.88,0,529.38
2025-10-22,Z2,15.59,83.26,0,532.22
2025-10-22,Z3,13.57,81.3,0,539.13
2025-10-22,Z4,15.16,89.93,0,585.74
2025-10-22,Z5,16.21,73.8,0,552.92
2025-10-23,Z1,15.71,76.9,0,477.01
2025-10-23,Z2,14.39,81.58,0,524.2
2025-10-23,Z3,13.18,86.03,0,578.18
2025-10-23,Z4,18.06,73.32,0,614.89
2025-10-23,Z5,15.26,72.14,0,585.3
2025-10-24,Z1,14.28,82.63,0,522.73
2025-10-24,Z2,16.43,71.35,0,527.88
2025-10-24,Z3,15.36,84.49,0,548.5
2025-10-24,Z4,17.33,78.06,1,647.04
2025-10-24,Z5,17.11,86.72,1,712.21
2025-10-25,Z1,13.76,80.09,0,509.68
2025-10-25,Z2,15.52,77.85,0,518.17
2025-10-25,Z3,16.21,88.76,0,558.07
2025-10-25,Z4,19.29,75.22,0,614.54
2025-10-25,Z5,18.08,78.68,0,592.6
2025-10-26,Z1,16.23,80.26,0,504.45
2025-10-26,Z2,13.01,88.66,0,533.01
2025-10-26,Z3,17.5,74.7,0,510.82
2025-10-26,Z4,15.14,87.86,0,588.07
2025-10-26,Z5,18.83,80.87,0,578.7
2025-10-27,Z1,15.41,79.05,0,469.02
2025-10-27,Z2,18.76,72.88,0,540.84
2025-10-27,Z3,15.98,75.49,0,552.0
2025-10-27,Z4,15.03,72.79,0,531.26
2025-10-27,Z5,17.45,78.36,0,611.27
2025-10-28,Z1,21.08,74.16,0,562.59
2025-10-28,Z2,9.0,88.25,0,479.19
2025-10-28,Z3,16.8,75.71,1,642.83
2025-10-28,Z4,17.1,78.19,0,550.73
2025-10-28,Z5,14.95,72.58,0,560.55
2025-10-29,Z1,19.01,73.32,0,503.54
2025-10-29,Z2,16.82,72.94,0,526.17
2025-10-29,Z3,16.44,75.84,0,535.67
2025-10-29,Z4,15.95,82.11,0,560.01
2025-10-29,Z5,16.01,68.89,0,576.84
2025-10-30,Z1,18.19,78.31,0,547.72
2025-10-30,Z2,15.71,70.27,0,511.59
2025-10-30,Z3,17.95,79.04,0,568.94
2025-10-30,Z4,16.88,77.03,1,676.79
2025-10-30,Z5,17.35,68.12,0,542.59
2025-10-31,Z1,15.59,82.25,0,488.51
2025-10-31,Z2,15.43,73.5,0,483.07
2025-10-31,Z3,14.11,81.4,0,542.36
2025-10-31,Z4,18.37,75.68,0,582.58
2025-10-31,Z5,15.66,85.81,0,635.88
2025-11-01,Z1,17.09,72.95,0,564.41
2025-11-01,Z2,16.97,78.6,0,531.88
2025-11-01,Z3,15.64,80.37,0,521.0
2025-11-01,Z4,16.36,67.29,0,541.28
2025-11-01,Z5,16.02,73.77,0,595.03
2025-11-02,Z1,15.15,70.33,0,487.0
2025-11-02,Z2,16.72,76.69,0,495.95
2025-11-02,Z3,22.17,70.88,0,582.78
2025-11-02,Z4,17.9,72.92,0,540.81
2025-11-02,Z5,17.23,66.85,0,577.01
2025-11-03,Z1,17.51,87.98,1,668.0
2025-11-03,Z2,14.88,90.0,0,491.25
2025-11-03,Z3,13.34,69.12,0,501.56
2025-11-03,Z4,17.48,77.5,0,562.96
2025-11-03,Z5,17.61,74.14,1,696.77
2025-11-04,Z1,18.08,86.48,0,494.13
2025-11-04,Z2,12.08,81.12,0,473.05
2025-11-04,Z3,17.35,79.12,0,570.44
2025-11-04,Z4,17.13,73.66,0,565.4
2025-11-04,Z5,15.05,87.74,0,561.75
2025-11-05,Z1,14.29,79.39,1,629.75
2025-11-05,Z2,17.98,73.77,1,625.8
2025-11-05,Z3,15.59,71.04,0,491.52
2025-11-05,Z4,17.37,79.2,0,590.66
2025-11-05,Z5,17.15,75.75,0,554.36
2025-11-06,Z1,14.48,83.83,1,581.38
2025-11-06,Z2,17.6,71.42,0,491.24
2025-11-06,Z3,16.18,78.52,0,572.68
2025-11-06,Z4,15.04,77.13,0,536.79
2025-11-06,Z5,18.14,72.33,0,621.22
2025-11-07,Z1,12.54,79.87,0,501.7
2025-11-07,Z2,14.47,74.34,0,523.64
2025-11-07,Z3,15.85,76.15,0,535.95
2025-11-07,Z4,17.42,73.83,0,548.49
2025-11-07,Z5,15.72,80.33,0,559.18
2025-11-08,Z1,19.55,77.89,0,567.51
2025-11-08,Z2,15.46,81.15,0,492.92
2025-11-08,Z3,16.2,83.71,1,662.49
2025-11-08,Z4,14.13,89.23,0,568.66
2025-11-08,Z5,13.71,84.85,0,574.83
2025-11-09,Z1,14.4,73.0,0,505.0
2025-11-09,Z2,20.34,79.77,0,551.6
2025-11-09,Z3,17.27,83.19,0,606.38
2025-11-09,Z4,17.13,67.92,0,539.36
2025-11-09,Z5,16.84,63.66,0,546.38
2025-11-10,Z1,20.85,74.65,0,545.51
2025-11-10,Z2,16.84,73.7,0,543.85
2025-11-10,Z3,17.72,75.28,0,562.09
2025-11-10,Z4,19.81,76.0,0,593.74
2025-11-10,Z5,15.18,79.24,0,592.08
2025-11-11,Z1,18.76,77.07,0,529.31
2025-11-11,Z2,15.62,76.54,0,534.99
2025-11-11,Z3,17.62,65.81,0,515.81
2025-11-11,Z4,20.06,81.73,0,639.78
2025-11-11,Z5,14.78,84.08,0,580.52
2025-11-12,Z1,16.72,84.48,0,522.75
2025-11-12,Z2,16.33,84.5,0,514.89
2025-11-12,Z3,16.68,78.99,1,638.44
2025-11-12,Z4,16.1,82.95,0,579.82
2025-11-12,Z5,17.77,85.91,0,594.43
2025-11-13,Z1,16.02,89.51,0,591.98
2025-11-13,Z2,19.44,78.58,0,568.55
2025-11-13,Z3,18.32,73.72,0,551.83
2025-11-13,Z4,16.89,72.29,0,562.49
2025-11-13,Z5,20.95,77.16,1,742.21
2025-11-14,Z1,20.19,75.28,0,511.35
2025-11-14,Z2,20.94,71.21,0,559.95
2025-11-14,Z3,19.27,80.42,0,550.55
2025-11-14,Z4,19.49,76.37,0,568.15
2025-11-14,Z5,18.88,68.63,0,611.18
2025-11-15,Z1,16.0,76.26,1,571.81
2025-11-15,Z2,16.72,68.74,0,500.3
2025-11-15,Z3,17.77,79.47,0,537.51
2025-11-15,Z4,18.34,77.35,0,620.53
2025-11-15,Z5,17.59,82.23,1,703.66
2025-11-16,Z1,21.32,65.5,1,640.94
2025-11-16,Z2,17.37,78.21,0,524.33
2025-11-16,Z3,18.31,76.47,0,551.15
2025-11-16,Z4,14.74,78.14,0,557.2
2025-11-16,Z5,21.93,69.99,0,594.96
2025-11-17,Z1,19.77,79.32,0,531.22
2025-11-17,Z2,22.24,70.99,0,562.05
2025-11-17,Z3,18.13,84.53,0,591.37
2025-11-17,Z4,15.44,83.31,0,577.97
2025-11-17,Z5,18.81,83.69,0,653.2
2025-11-18,Z1,23.83,78.86,1,677.96
2025-11-18,Z2,18.35,80.26,0,529.19
2025-11-18,Z3,18.18,80.63,0,583.2
2025-11-18,Z4,19.99,72.52,0,578.14
2025-11-18,Z5,19.32,78.99,0,615.4
2025-11-19,Z1,21.8,69.35,0,547.86
2025-11-19,Z2,20.94,71.83,0,548.37
2025-11-19,Z3,21.48,75.12,0,556.15
2025-11-19,Z4,17.07,74.1,1,662.87
2025-11-19,Z5,18.91,75.89,0,611.04
2025-11-20,Z1,19.0,79.51,0,528.61
2025-11-20,Z2,16.23,79.21,0,542.36
2025-11-20,Z3,18.97,79.15,0,548.04
2025-11-20,Z4,16.25,80.5,0,564.08
2025-11-20,Z5,14.77,74.36,0,573.98
2025-11-21,Z1,20.73,67.95,0,506.48
2025-11-21,Z2,19.42,67.91,0,522.09
2025-11-21,Z3,19.75,73.53,0,574.3
2025-11-21,Z4,16.18,77.8,0,549.6
2025-11-21,Z5,20.99,81.5,0,614.45
2025-11-22,Z1,18.27,76.89,0,556.3
2025-11-22,Z2,17.18,72.09,0,522.15
2025-11-22,Z3,18.82,62.02,0,557.81
2025-11-22,Z4,18.75,79.67,0,615.86
2025-11-22,Z5,23.2,69.99,0,596.9
2025-11-23,Z1,17.37,73.28,0,491.16
2025-11-23,Z2,18.23,78.35,0,531.2
2025-11-23,Z3,18.6,71.81,0,518.89
2025-11-23,Z4,19.13,66.17,0,583.2
2025-11-23,Z5,22.07,69.87,0,630.55
2025-11-24,Z1,15.21,73.08,0,479.91
2025-11-24,Z2,18.74,70.21,0,511.71
2025-11-24,Z3,22.11,73.87,0,605.65
2025-11-24,Z4,18.93,72.33,0,598.56
2025-11-24,Z5,19.83,69.97,0,598.24
2025-11-25,Z1,21.36,68.26,0,526.58
2025-11-25,Z2,15.41,70.61,0,472.83
2025-11-25,Z3,18.59,74.61,0,528.48
2025-11-25,Z4,21.24,67.44,0,557.37
2025-11-25,Z5,23.78,80.56,0,682.93
2025-11-26,Z1,16.91,88.89,0,495.82
2025-11-26,Z2,18.38,70.1,0,505.51
2025-11-26,Z3,18.71,83.4,0,576.83
2025-11-26,Z4,21.73,73.11,0,566.07
2025-11-26,Z5,19.2,76.77,0,626.42
2025-11-27,Z1,21.13,70.71,0,521.36
2025-11-27,Z2,22.04,78.17,0,572.28
2025-11-27,Z3,18.21,77.05,0,575.64
2025-11-27,Z4,17.24,86.6,0,569.81
2025-11-27,Z5,18.27,79.22,0,614.68
2025-11-28,Z1,22.43,66.44,0,515.54
2025-11-28,Z2,24.9,71.61,0,537.82
2025-11-28,Z3,18.82,79.98,0,575.81
2025-11-28,Z4,17.61,75.73,0,577.68
2025-11-28,Z5,19.9,75.85,0,598.11
2025-11-29,Z1,19.91,79.93,0,533.59
2025-11-29,Z2,20.29,70.83,0,536.3
2025-11-29,Z3,18.96,76.46,0,563.05
2025-11-29,Z4,18.85,70.95,1,681.15
2025-11-29,Z5,17.35,77.94,1,710.86
2025-11-30,Z1,21.71,68.69,0,543.93
2025-11-30,Z2,17.83,80.66,0,557.38
2025-11-30,Z3,21.24,80.91,0,587.19
2025-11-30,Z4,17.53,80.86,0,567.52
2025-11-30,Z5,19.21,71.43,0,582.99
2025-12-01,Z1,21.98,78.66,0,555.68
2025-12-01,Z2,21.62,79.89,0,558.9
2025-12-01,Z3,19.93,75.22,0,611.32
2025-12-01,Z4,18.49,79.96,0,566.1
2025-12-01,Z5,24.71,67.64,0,632.87
2025-12-02,Z1,22.16,74.85,0,556.15
2025-12-02,Z2,19.23,68.71,0,534.03
2025-12-02,Z3,17.12,75.19,0,569.79
2025-12-02,Z4,19.33,74.23,0,577.47
2025-12-02,Z5,19.23,73.76,1,719.96
2025-12-03,Z1,18.51,75.92,0,539.41
2025-12-03,Z2,21.61,65.12,0,522.44
2025-12-03,Z3,25.92,63.89,0,594.9
2025-12-03,Z4,19.68,72.32,0,542.8
2025-12-03,Z5,16.4,71.1,0,591.57
2025-12-04,Z1,21.53,76.59,0,516.92
2025-12-04,Z2,20.03,63.47,0,519.78
2025-12-04,Z3,19.6,76.97,0,557.18
2025-12-04,Z4,20.17,80.32,0,602.62
2025-12-04,Z5,21.38,72.34,0,588.98
2025-12-05,Z1,19.64,74.73,0,501.25
2025-12-05,Z2,21.55,81.96,0,575.59
2025-12-05,Z3,16.79,78.19,1,631.29
2025-12-05,Z4,24.13,75.74,0,606.01
2025-12-05,Z5,20.91,67.67,0,585.0
2025-12-06,Z1,21.42,67.12,0,544.08
2025-12-06,Z2,20.1,77.42,0,562.82
2025-12-06,Z3,20.99,81.42,0,570.14
2025-12-06,Z4,21.71,72.8,0,586.22
2025-12-06,Z5,20.1,79.73,0,647.41
2025-12-07,Z1,21.97,71.89,0,544.07
2025-12-07,Z2,17.69,80.17,0,524.64
2025-12-07,Z3,23.69,68.98,1,683.16
2025-12-07,Z4,18.95,64.42,0,553.28
2025-12-07,Z5,21.26,72.11,0,624.62
2025-12-08,Z1,20.14,74.54,0,558.52
2025-12-08,Z2,18.38,81.13,0,540.48
2025-12-08,Z3,19.95,75.22,0,584.77
2025-12-08,Z4,20.6,79.25,0,592.89
2025-12-08,Z5,18.65,82.05,0,589.74
2025-12-09,Z1,19.91,75.71,0,543.82
2025-12-09,Z2,21.02,81.54,0,548.64
2025-12-09,Z3,19.6,72.98,0,521.37
2025-12-09,Z4,23.29,86.02,0,644.31
2025-12-09,Z5,23.38,67.07,0,615.47
2025-12-10,Z1,22.97,61.71,0,542.26
2025-12-10,Z2,22.87,84.62,0,620.35
2025-12-10,Z3,21.01,69.73,0,571.34
2025-12-10,Z4,23.38,74.94,0,626.36
2025-12-10,Z5,19.9,66.38,0,573.53
2025-12-11,Z1,22.5,65.65,1,605.94
2025-12-11,Z2,25.2,67.72,1,689.1
2025-12-11,Z3,24.16,73.3,0,611.25
2025-12-11,Z4,20.23,81.29,0,572.86
2025-12-11,Z5,20.1,73.37,0,619.35
2025-12-12,Z1,26.87,68.47,0,605.9
2025-12-12,Z2,21.09,73.53,0,573.71
2025-12-12,Z3,18.31,75.71,0,581.21
2025-12-12,Z4,21.83,69.16,1,683.95
2025-12-12,Z5,22.19,75.69,0,615.71
2025-12-13,Z1,25.03,76.25,0,582.42
2025-12-13,Z2,23.05,76.34,0,556.82
2025-12-13,Z3,20.92,68.97,0,500.18
2025-12-13,Z4,24.34,62.89,0,631.84
2025-12-13,Z5,22.73,75.18,0,610.18
2025-12-14,Z1,22.09,68.02,0,545.8
2025-12-14,Z2,21.9,78.66,0,596.87
2025-12-14,Z3,23.08,79.02,0,595.87
2025-12-14,Z4,22.07,76.46,0,621.15
2025-12-14,Z5,23.15,65.38,0,620.34
2025-12-15,Z1,26.57,66.08,0,537.07
2025-12-15,Z2,22.72,66.52,0,535.53
2025-12-15,Z3,21.7,74.52,0,603.63
2025-12-15,Z4,16.57,76.88,0,597.26
2025-12-15,Z5,20.52,75.83,0,575.13
2025-12-16,Z1,19.96,77.61,0,565.92
2025-12-16,Z2,21.44,70.52,0,562.98
2025-12-16,Z3,17.1,80.37,0,537.59
2025-12-16,Z4,22.33,64.16,1,706.33
2025-12-16,Z5,19.05,76.98,0,590.52
2025-12-17,Z1,23.98,75.84,0,586.01
2025-12-17,Z2,22.3,72.7,1,675.8
2025-12-17,Z3,24.79,82.03,0,623.63
2025-12-17,Z4,19.37,71.06,1,634.49
2025-12-17,Z5,21.3,63.45,0,627.62
2025-12-18,Z1,23.6,72.56,0,531.24
2025-12-18,Z2,21.99,69.19,0,548.82
2025-12-18,Z3,22.1,69.54,0,578.6
2025-12-18,Z4,21.99,72.81,0,569.91
2025-12-18,Z5,21.6,76.39,0,602.83
2025-12-19,Z1,24.05,66.26,0,558.14
2025-12-19,Z2,25.12,71.61,0,570.48
2025-12-19,Z3,20.41,82.27,1,692.45
2025-12-19,Z4,22.78,70.84,0,613.59
2025-12-19,Z5,24.68,56.78,0,602.04
2025-12-20,Z1,19.66,75.87,0,527.15
2025-12-20,Z2,23.6,68.07,0,567.82
2025-12-20,Z3,22.95,72.84,0,595.45
2025-12-20,Z4,23.18,67.34,0,609.64
2025-12-20,Z5,22.14,72.38,1,699.64
2025-12-21,Z1,23.32,72.4,0,536.76
2025-12-21,Z2,19.73,69.71,1,617.96
2025-12-21,Z3,24.23,67.25,0,603.86
2025-12-21,Z4,23.65,67.0,0,591.4
2025-12-21,Z5,25.28,75.36,0,651.35
2025-12-22,Z1,25.06,69.13,0,582.42
2025-12-22,Z2,22.96,66.23,0,555.2
2025-12-22,Z3,22.67,75.75,0,614.26
2025-12-22,Z4,26.33,70.1,0,614.19
2025-12-22,Z5,22.65,71.97,0,645.18
2025-12-23,Z1,27.12,72.18,0,560.02
2025-12-23,Z2,26.95,75.11,0,607.09
2025-12-23,Z3,22.01,71.87,1,684.92
2025-12-23,Z4,22.22,64.19,0,554.58
2025-12-23,Z5,23.92,67.68,0,619.1
2025-12-24,Z1,24.56,71.9,0,575.04
2025-12-24,Z2,29.67,60.19,1,695.35
2025-12-24,Z3,25.64,65.8,0,566.56
2025-12-24,Z4,21.8,68.59,0,595.64
2025-12-24,Z5,22.81,69.76,0,601.46
2025-12-25,Z1,25.76,65.41,0,552.94
2025-12-25,Z2,20.96,79.4,0,564.75
2025-12-25,Z3,28.1,67.69,0,620.12
2025-12-25,Z4,23.95,72.25,0,624.21
2025-12-25,Z5,19.72,77.35,0,593.43
2025-12-26,Z1,27.76,70.83,0,592.29
2025-12-26,Z2,19.71,69.45,0,551.14
2025-12-26,Z3,21.54,72.38,1,696.94
2025-12-26,Z4,26.54,68.5,0,598.87
2025-12-26,Z5,25.57,67.32,0,653.32
2025-12-27,Z1,22.11,76.32,0,517.14
2025-12-27,Z2,22.92,74.77,0,583.93
2025-12-27,Z3,27.39,75.47,0,597.26
2025-12-27,Z4,23.22,73.1,0,577.84
2025-12-27,Z5,22.58,71.78,0,611.84
2025-12-28,Z1,23.31,64.57,0,526.51
2025-12-28,Z2,22.81,61.66,0,536.4
2025-12-28,Z3,23.68,70.45,0,610.34
2025-12-28,Z4,24.48,67.8,0,646.76
2025-12-28,Z5,25.49,66.74,0,622.97
2025-12-29,Z1,21.66,73.27,0,522.59
2025-12-29,Z2,23.81,72.66,0,612.31
2025-12-29,Z3,25.43,63.69,0,556.37
2025-12-29,Z4,26.25,68.34,0,624.29
2025-12-29,Z5,28.4,62.35,0,652.12
2025-12-30,Z1,24.21,73.0,0,561.74
2025-12-30,Z2,29.89,60.14,1,689.12
2025-12-30,Z3,26.73,64.33,0,585.09
2025-12-30,Z4,24.87,78.6,0,653.17
2025-12-30,Z5,26.07,73.8,0,631.17
2025-12-31,Z1,28.87,67.42,0,546.09
2025-12-31,Z2,24.91,66.17,0,585.83
2025-12-31,Z3,25.82,72.52,0,599.51
2025-12-31,Z4,22.61,68.23,0,586.24
2025-12-31,Z5,24.4,62.47,0,619.17
